{"id":"APP_MODEL-3334be79-592d-4112-a3d3-b6d2886a6a2f","name":"Training Process App","key":"trainingProcessApp","description":"","editorJson":{"models":[{"id":"PROCESS_MODEL-147bb8bf-c67e-4bb0-ba11-8335851d304c","name":"File Upload Process","version":1,"modelType":0,"description":"","createdBy":"admin","lastUpdatedBy":"admin","lastUpdated":"2022-07-04T05:29:08.084+00:00","key":"fileUploadProcess","tenantId":"default","tags":[]},{"id":"PROCESS_MODEL-63dbbf18-7a24-4b08-b5b9-a0584f34e563","name":"Loan Approval Process with Decision Table","version":18,"modelType":0,"description":"Loan Approval Process using DMN","createdBy":"admin","lastUpdatedBy":"admin","lastUpdated":"2022-07-11T04:53:25.155+00:00","key":"loanApprovalProcess","tenantId":"default","tags":[]},{"id":"PROCESS_MODEL-89979347-4f0e-48e3-bf09-e6d24d90da1b","name":"Loan Approval Process with Decision Service","version":3,"modelType":0,"description":"Loan Approval Process using DMN","createdBy":"admin","lastUpdatedBy":"admin","lastUpdated":"2022-07-11T06:13:53.284+00:00","key":"loanApprovalProcessDecisionService","tenantId":"default","tags":[]},{"id":"PROCESS_MODEL-ff06fe48-fb10-4363-ae0c-f6d336316835","name":"Table Process","version":11,"modelType":0,"description":"","createdBy":"admin","lastUpdatedBy":"admin","lastUpdated":"2022-07-18T09:19:27.933+00:00","key":"tableProcess","tenantId":"default","tags":[]}],"cmmnModels":[],"formModels":[{"id":"FORM_MODEL-e9dbf25c-10d6-485c-9051-f0463bbf3113","name":"File Upload Form","version":1,"modelType":2,"description":"","createdBy":"admin","lastUpdatedBy":"admin","lastUpdated":"2022-07-04T05:29:07.952+00:00","key":"fileUploadForm","tenantId":"default","tags":[]}],"dmnModels":[],"decisionServiceModels":[],"workModels":[{"id":"DATA_OBJECT_MODEL-5ac3f241-1a28-4859-8166-e4d5f7694858","name":"Employee","version":5,"modelType":11,"createdBy":"admin","lastUpdatedBy":"admin","lastUpdated":"2022-07-18T09:18:04.346+00:00","key":"employee","tenantId":"default","tags":[]},{"id":"SERVICE_DEFINITION_MODEL-7ba9e03c-17ab-4575-acc1-d08d8ec44f85","name":"Flowable_App_Db","version":7,"modelType":13,"createdBy":"admin","lastUpdatedBy":"admin","lastUpdated":"2022-07-18T09:18:25.922+00:00","key":"flowable_App_Db","tenantId":"default","tags":[]},{"id":"LIQUIBASE_CHANGELOG_MODEL-428552a7-5cdb-441e-ace6-816ed755cb52","name":"Employee Schema","version":1,"modelType":14,"createdBy":"admin","lastUpdatedBy":"admin","lastUpdated":"2022-07-12T11:14:58.572+00:00","key":"employeeSchema","tenantId":"default","tags":[]}],"linkedModels":[],"pages":[],"theme":"theme-1","icon":"glyphicon-asterisk","flowApp":false,"i18n":{}}}