{"id":"936ce9dd-f79c-11ec-93bf-2811a82f92d0","name":"Loan Request Intake Form","key":"loanRequestIntakeForm","description":"","editorJson":{"name":"Loan Request Intake Form","key":"loanRequestIntakeForm","version":0,"fields":[{"fieldType":"FormField","id":"name","name":"Name","type":"text","value":null,"required":false,"readOnly":false,"overrideId":false,"placeholder":null,"layout":null},{"fieldType":"FormField","id":"age","name":"Age","type":"integer","value":null,"required":true,"readOnly":false,"overrideId":false,"placeholder":null,"layout":null},{"fieldType":"OptionFormField","id":"country","name":"Country","type":"dropdown","value":"Please choose one...","required":true,"readOnly":false,"overrideId":false,"placeholder":null,"layout":null,"optionType":null,"hasEmptyValue":true,"options":[{"id":null,"name":"Please choose one..."},{"id":null,"name":"IN"},{"id":null,"name":"NL"},{"id":null,"name":"CH"},{"id":null,"name":"USA"},{"id":null,"name":"UK"}],"optionsExpression":null},{"fieldType":"FormField","id":"amount","name":"Amount","type":"integer","value":null,"required":true,"readOnly":false,"overrideId":false,"placeholder":null,"layout":null},{"fieldType":"FormField","id":"creditscore","name":"Credit Score","type":"integer","value":null,"required":false,"readOnly":false,"overrideId":false,"placeholder":null,"layout":null}],"outcomes":[]}}