{"id":"1b6d169c-f79e-11ec-93bf-2811a82f92d0","name":"Loan Approval Process with Decision Table","key":"LoanApprovalProcesswithDecisionTable","description":"Loan Approval Process with Decision Table","editorJson":{"modelId":"1b6d169c-f79e-11ec-93bf-2811a82f92d0","bounds":{"lowerRight":{"x":1250,"y":1050},"upperLeft":{"x":0,"y":0}},"properties":{"process_id":"LoanApprovalProcesswithDecisionTable","name":"Loan Approval Process with Decision Table","documentation":"Loan Approval Process with Decision Table","process_author":"","process_version":"","process_namespace":"http://www.flowable.org/processdef","process_historylevel":"","isexecutable":true,"dataproperties":"","executionlisteners":"","eventlisteners":"","signaldefinitions":"","messagedefinitions":"","escalationdefinitions":"","process_potentialstarteruser":"","process_potentialstartergroup":"","iseagerexecutionfetch":"false"},"childShapes":[{"resourceId":"startEvent1","properties":{"overrideid":"","name":"","documentation":"","executionlisteners":"","initiator":"","formkeydefinition":"","formreference":"","formfieldvalidation":true,"formproperties":""},"stencil":{"id":"StartNoneEvent"},"childShapes":[],"outgoing":[{"resourceId":"sid-0A9AA8BD-9E64-4924-9D54-86741B9A3861"}],"bounds":{"lowerRight":{"x":130,"y":193},"upperLeft":{"x":100,"y":163}},"dockers":[]},{"resourceId":"sid-CCBB9B4C-B655-4D29-A726-B2D584DEBF60","properties":{"overrideid":"","name":"Loan Request Intake Form","documentation":"","asynchronousdefinition":"false","exclusivedefinition":"false","executionlisteners":"","multiinstance_type":"None","multiinstance_variableaggregations":"","multiinstance_cardinality":"","multiinstance_collection":"","multiinstance_variable":"","multiinstance_condition":"","isforcompensation":"false","usertaskassignment":{"assignment":{"type":"idm","idm":{"type":"user","assignee":{"id":"testUser1","firstName":"testUser1","lastName":"testUser1","email":"sarika.sandbhor@eclerx.com","fullName":"testUser1 testUser1","tenantId":null,"groups":[],"privileges":[],"$$hashKey":"object:12469"}}}},"formkeydefinition":"","formreference":{"id":"936ce9dd-f79c-11ec-93bf-2811a82f92d0","name":"Loan Request Intake Form","key":"loanRequestIntakeForm"},"formfieldvalidation":true,"duedatedefinition":"","prioritydefinition":"","formproperties":"","tasklisteners":"","skipexpression":"","categorydefinition":"","taskidvariablename":""},"stencil":{"id":"UserTask"},"childShapes":[],"outgoing":[{"resourceId":"sid-02CB347D-F5DD-4C0A-86D0-AA1694D1C721"}],"bounds":{"lowerRight":{"x":275,"y":218},"upperLeft":{"x":175,"y":138}},"dockers":[]},{"resourceId":"sid-0A9AA8BD-9E64-4924-9D54-86741B9A3861","properties":{"overrideid":"","name":"","documentation":"","conditionsequenceflow":"","executionlisteners":"","defaultflow":"false","skipexpression":""},"stencil":{"id":"SequenceFlow"},"childShapes":[],"outgoing":[{"resourceId":"sid-CCBB9B4C-B655-4D29-A726-B2D584DEBF60"}],"bounds":{"lowerRight":{"x":174.15625,"y":178},"upperLeft":{"x":130.609375,"y":178}},"dockers":[{"x":15,"y":15},{"x":50,"y":40}],"target":{"resourceId":"sid-CCBB9B4C-B655-4D29-A726-B2D584DEBF60"}},{"resourceId":"sid-02CB347D-F5DD-4C0A-86D0-AA1694D1C721","properties":{"overrideid":"","name":"","documentation":"","conditionsequenceflow":"","executionlisteners":"","defaultflow":"false","skipexpression":""},"stencil":{"id":"SequenceFlow"},"childShapes":[],"outgoing":[{"resourceId":"sid-88A789F8-DEDC-4715-A6F1-2B185167A2C9"}],"bounds":{"lowerRight":{"x":319.15625,"y":178},"upperLeft":{"x":275.84375,"y":178}},"dockers":[{"x":50,"y":40},{"x":50,"y":40}],"target":{"resourceId":"sid-88A789F8-DEDC-4715-A6F1-2B185167A2C9"}},{"resourceId":"sid-88A789F8-DEDC-4715-A6F1-2B185167A2C9","properties":{"overrideid":"","name":"Decision Task","documentation":"","asynchronousdefinition":"false","exclusivedefinition":"false","executionlisteners":"","multiinstance_type":"None","multiinstance_variableaggregations":"","multiinstance_cardinality":"","multiinstance_collection":"","multiinstance_variable":"","multiinstance_condition":"","isforcompensation":"false","decisiontaskdecisiontablereference":{"id":"2820e3e0-fdb3-11ec-9fcf-2811a82f92d0","name":"Evaluate Loan Request Decision Table","key":"evaluateLoanRequestDecisionTable"},"decisiontaskdecisionservicereference":"","decisiontaskthrowerroronnohits":"false","decisiontaskfallbacktodefaulttenant":"false","type":"http://b3mn.org/stencilset/bpmn2.0#UserTask","usertaskassignment":"","formkeydefinition":"","formreference":"","formfieldvalidation":true,"duedatedefinition":"","prioritydefinition":"","formproperties":"","tasklisteners":"","skipexpression":"","categorydefinition":"","taskidvariablename":""},"stencil":{"id":"DecisionTask"},"childShapes":[],"outgoing":[{"resourceId":"sid-0E174062-FAEF-4514-98B5-8579F70DDBC4"}],"bounds":{"lowerRight":{"x":420,"y":218},"upperLeft":{"x":320,"y":138}},"dockers":[]},{"resourceId":"sid-0E174062-FAEF-4514-98B5-8579F70DDBC4","properties":{"overrideid":"","name":"","documentation":"","conditionsequenceflow":"","executionlisteners":"","defaultflow":"false","skipexpression":""},"stencil":{"id":"SequenceFlow"},"childShapes":[],"outgoing":[{"resourceId":"sid-1CD8480C-87CE-4524-A0CB-4F330749152B"}],"bounds":{"lowerRight":{"x":464.15625,"y":178},"upperLeft":{"x":420.84375,"y":178}},"dockers":[{"x":50,"y":40},{"x":50,"y":40}],"target":{"resourceId":"sid-1CD8480C-87CE-4524-A0CB-4F330749152B"}},{"resourceId":"sid-1CD8480C-87CE-4524-A0CB-4F330749152B","properties":{"scriptformat":"groovy","scripttext":"println(\"Name :====>\"+execution.getVariable(\"name\"));\nprintln(\"Age :====>\"+execution.getVariable(\"age\"));\nprintln(\"Country :====>\"+execution.getVariable(\"country\"));\nprintln(\"Amount :====>\"+execution.getVariable(\"amount\"));\nprintln(\"Decision :====>\"+execution.getVariable(\"preApprovalState\"));","overrideid":"","name":"Decision Log","documentation":"","asynchronousdefinition":"false","exclusivedefinition":"false","executionlisteners":"","multiinstance_type":"None","multiinstance_variableaggregations":"","multiinstance_cardinality":"","multiinstance_collection":"","multiinstance_variable":"","multiinstance_condition":"","skipexpression":"","isforcompensation":"false","scriptautostorevariables":"false","type":"http://b3mn.org/stencilset/bpmn2.0#UserTask","usertaskassignment":"","formkeydefinition":"","formreference":"","formfieldvalidation":true,"duedatedefinition":"","prioritydefinition":"","formproperties":"","tasklisteners":"","categorydefinition":"","taskidvariablename":""},"stencil":{"id":"ScriptTask"},"childShapes":[],"outgoing":[{"resourceId":"sid-C6E293D8-B78D-4EAC-8C6A-08B1C68D403F"}],"bounds":{"lowerRight":{"x":565,"y":218},"upperLeft":{"x":465,"y":138}},"dockers":[]},{"resourceId":"sid-CA9EA659-8C3F-4D79-A723-C000DBB740AD","properties":{"overrideid":"","name":"","documentation":"","asynchronousdefinition":"false","exclusivedefinition":"false","sequencefloworder":""},"stencil":{"id":"ExclusiveGateway"},"childShapes":[],"outgoing":[{"resourceId":"sid-CF9A3EA2-94E7-4FE9-83C3-ACB3AA779B13"},{"resourceId":"sid-170F90BB-182C-44FD-9293-4017AC7BBF9B"},{"resourceId":"sid-4A849E42-628C-4F11-9A03-1A1B0C453199"}],"bounds":{"lowerRight":{"x":650,"y":198},"upperLeft":{"x":610,"y":158}},"dockers":[]},{"resourceId":"sid-C6E293D8-B78D-4EAC-8C6A-08B1C68D403F","properties":{"overrideid":"","name":"","documentation":"","conditionsequenceflow":"","executionlisteners":"","defaultflow":"false","skipexpression":""},"stencil":{"id":"SequenceFlow"},"childShapes":[],"outgoing":[{"resourceId":"sid-CA9EA659-8C3F-4D79-A723-C000DBB740AD"}],"bounds":{"lowerRight":{"x":609.6484468700075,"y":178.4097335362338},"upperLeft":{"x":565.6288968799925,"y":178.2191727137662}},"dockers":[{"x":50,"y":40},{"x":20.5,"y":20.5}],"target":{"resourceId":"sid-CA9EA659-8C3F-4D79-A723-C000DBB740AD"}},{"resourceId":"sid-7EC7492C-6634-4D73-8F2B-AA641EB6BB05","properties":{"overrideid":"","name":"Loan Request Review Form","documentation":"","asynchronousdefinition":"false","exclusivedefinition":"false","executionlisteners":"","multiinstance_type":"None","multiinstance_variableaggregations":"","multiinstance_cardinality":"","multiinstance_collection":"","multiinstance_variable":"","multiinstance_condition":"","isforcompensation":"false","usertaskassignment":{"assignment":{"type":"idm","idm":{"type":"user","assignee":{"id":"testUser2","firstName":"testUser2","lastName":"testUser2","email":"sagar.gaikwad02@eclerx.com","fullName":"testUser2 testUser2","tenantId":null,"groups":[],"privileges":[],"$$hashKey":"object:12702"}}}},"formkeydefinition":"","formreference":{"id":"0b000730-f79d-11ec-93bf-2811a82f92d0","name":"Loan Request Review Form","key":"loanRequestReviewForm"},"formfieldvalidation":true,"duedatedefinition":"","prioritydefinition":"","formproperties":"","tasklisteners":"","skipexpression":"","categorydefinition":"","taskidvariablename":""},"stencil":{"id":"UserTask"},"childShapes":[],"outgoing":[{"resourceId":"sid-BE61DF32-3711-4B53-9013-89027732B946"}],"bounds":{"lowerRight":{"x":805,"y":218},"upperLeft":{"x":705,"y":138}},"dockers":[]},{"resourceId":"sid-055DF351-203F-42D9-8C45-DAAC7CB3DE32","properties":{"overrideid":"","name":"","documentation":"","executionlisteners":""},"stencil":{"id":"EndNoneEvent"},"childShapes":[],"outgoing":[],"bounds":{"lowerRight":{"x":988,"y":58},"upperLeft":{"x":960,"y":30}},"dockers":[]},{"resourceId":"sid-4BFF7D07-1F53-4944-BD48-211EF8730806","properties":{"overrideid":"","name":"","documentation":"","executionlisteners":""},"stencil":{"id":"EndNoneEvent"},"childShapes":[],"outgoing":[],"bounds":{"lowerRight":{"x":988,"y":313},"upperLeft":{"x":960,"y":285}},"dockers":[]},{"resourceId":"sid-CF9A3EA2-94E7-4FE9-83C3-ACB3AA779B13","properties":{"overrideid":"","name":"Review","documentation":"","conditionsequenceflow":"","executionlisteners":"","defaultflow":true,"skipexpression":""},"stencil":{"id":"SequenceFlow"},"childShapes":[],"outgoing":[{"resourceId":"sid-7EC7492C-6634-4D73-8F2B-AA641EB6BB05"}],"bounds":{"lowerRight":{"x":704.3945393142885,"y":178.42176521812968},"upperLeft":{"x":649.9804606857115,"y":178.20323478187032}},"dockers":[{"x":20.5,"y":20.5},{"x":50,"y":40}],"target":{"resourceId":"sid-7EC7492C-6634-4D73-8F2B-AA641EB6BB05"}},{"resourceId":"sid-4D54FD94-59A2-4A94-BF4E-F58B613725ED","properties":{"overrideid":"","name":"","documentation":"","asynchronousdefinition":"false","exclusivedefinition":"false","sequencefloworder":""},"stencil":{"id":"ExclusiveGateway"},"childShapes":[],"outgoing":[{"resourceId":"sid-686183C2-E9A4-4865-A660-F740B5E70A6E"},{"resourceId":"sid-26B4AF8A-7380-4063-BC0B-A27D8D5ACF1E"}],"bounds":{"lowerRight":{"x":994,"y":198},"upperLeft":{"x":954,"y":158}},"dockers":[]},{"resourceId":"sid-BE61DF32-3711-4B53-9013-89027732B946","properties":{"overrideid":"","name":"","documentation":"","conditionsequenceflow":"","executionlisteners":"","defaultflow":"false","skipexpression":""},"stencil":{"id":"SequenceFlow"},"childShapes":[],"outgoing":[{"resourceId":"sid-4D54FD94-59A2-4A94-BF4E-F58B613725ED"}],"bounds":{"lowerRight":{"x":953.779299469414,"y":178.45280022658181},"upperLeft":{"x":805.730466155586,"y":178.11555914841819}},"dockers":[{"x":50,"y":40},{"x":20.5,"y":20.5}],"target":{"resourceId":"sid-4D54FD94-59A2-4A94-BF4E-F58B613725ED"}},{"resourceId":"sid-32AA23F5-4642-43CA-A16D-934715AC9E4C","properties":{"scriptformat":"groovy","scripttext":"out.println(\"Loan request review is approved\");","overrideid":"","name":"Review Approved","documentation":"","asynchronousdefinition":"false","exclusivedefinition":"false","executionlisteners":"","multiinstance_type":"None","multiinstance_variableaggregations":"","multiinstance_cardinality":"","multiinstance_collection":"","multiinstance_variable":"","multiinstance_condition":"","skipexpression":"","isforcompensation":"false","scriptautostorevariables":"false","type":"http://b3mn.org/stencilset/bpmn2.0#UserTask","usertaskassignment":"","formkeydefinition":"","formreference":"","formfieldvalidation":true,"duedatedefinition":"","prioritydefinition":"","formproperties":"","tasklisteners":"","categorydefinition":"","taskidvariablename":""},"stencil":{"id":"ScriptTask"},"childShapes":[],"outgoing":[{"resourceId":"sid-00A4F4FF-F0FC-4393-8540-36F4A1E7FA1D"}],"bounds":{"lowerRight":{"x":1150,"y":155},"upperLeft":{"x":1050,"y":75}},"dockers":[]},{"resourceId":"sid-9CB18C1E-7199-47C4-BA20-A0A9474D3EBF","properties":{"scriptformat":"groovy","scripttext":"out.println(\"Loan Request Review is Declined\");","overrideid":"","name":"Review Declined","documentation":"","asynchronousdefinition":"false","exclusivedefinition":"false","executionlisteners":"","multiinstance_type":"None","multiinstance_variableaggregations":"","multiinstance_cardinality":"","multiinstance_collection":"","multiinstance_variable":"","multiinstance_condition":"","skipexpression":"","isforcompensation":"false","scriptautostorevariables":"false","type":"http://b3mn.org/stencilset/bpmn2.0#UserTask","usertaskassignment":"","formkeydefinition":"","formreference":"","formfieldvalidation":true,"duedatedefinition":"","prioritydefinition":"","formproperties":"","tasklisteners":"","categorydefinition":"","taskidvariablename":""},"stencil":{"id":"ScriptTask"},"childShapes":[],"outgoing":[{"resourceId":"sid-D3551583-568A-4C82-8BF7-7F69C19DAC4D"}],"bounds":{"lowerRight":{"x":1150,"y":260},"upperLeft":{"x":1050,"y":180}},"dockers":[]},{"resourceId":"sid-D3551583-568A-4C82-8BF7-7F69C19DAC4D","properties":{"overrideid":"","name":"","documentation":"","conditionsequenceflow":"","executionlisteners":"","defaultflow":"false","skipexpression":"","showdiamondmarker":false},"stencil":{"id":"SequenceFlow"},"childShapes":[],"outgoing":[{"resourceId":"sid-4BFF7D07-1F53-4944-BD48-211EF8730806"}],"bounds":{"lowerRight":{"x":1100,"y":299},"upperLeft":{"x":988.78125,"y":260.625}},"dockers":[{"x":50,"y":79},{"x":1100,"y":299},{"x":14,"y":14}],"target":{"resourceId":"sid-4BFF7D07-1F53-4944-BD48-211EF8730806"}},{"resourceId":"sid-00A4F4FF-F0FC-4393-8540-36F4A1E7FA1D","properties":{"overrideid":"","name":"","documentation":"","conditionsequenceflow":"","executionlisteners":"","defaultflow":"false","skipexpression":"","showdiamondmarker":false},"stencil":{"id":"SequenceFlow"},"childShapes":[],"outgoing":[{"resourceId":"sid-055DF351-203F-42D9-8C45-DAAC7CB3DE32"}],"bounds":{"lowerRight":{"x":1100,"y":75},"upperLeft":{"x":988.78125,"y":44}},"dockers":[{"x":50,"y":1},{"x":1100,"y":44},{"x":14,"y":14}],"target":{"resourceId":"sid-055DF351-203F-42D9-8C45-DAAC7CB3DE32"}},{"resourceId":"sid-686183C2-E9A4-4865-A660-F740B5E70A6E","properties":{"overrideid":"","name":"Approved","documentation":"","conditionsequenceflow":{"expression":{"type":"static","staticValue":"${remarks == \"Approved\"}"}},"executionlisteners":"","defaultflow":false,"skipexpression":"","showdiamondmarker":false},"stencil":{"id":"SequenceFlow"},"childShapes":[],"outgoing":[{"resourceId":"sid-32AA23F5-4642-43CA-A16D-934715AC9E4C"}],"bounds":{"lowerRight":{"x":1049.659814958703,"y":160.76369316475285},"upperLeft":{"x":971.1113533615103,"y":115}},"dockers":[{"x":17.111353361510282,"y":6.063546926953791},{"x":971.1113533615103,"y":115},{"x":50,"y":40}],"target":{"resourceId":"sid-32AA23F5-4642-43CA-A16D-934715AC9E4C"}},{"resourceId":"sid-26B4AF8A-7380-4063-BC0B-A27D8D5ACF1E","properties":{"overrideid":"","name":"Declined","documentation":"","conditionsequenceflow":"","executionlisteners":"","defaultflow":true,"skipexpression":"","showdiamondmarker":false},"stencil":{"id":"SequenceFlow"},"childShapes":[],"outgoing":[{"resourceId":"sid-9CB18C1E-7199-47C4-BA20-A0A9474D3EBF"}],"bounds":{"lowerRight":{"x":1049.943320168924,"y":220},"upperLeft":{"x":974.4148996324457,"y":198.01292009962162}},"dockers":[{"x":20.414899632445668,"y":37.480448106263054},{"x":974.4148996324457,"y":220},{"x":50,"y":40}],"target":{"resourceId":"sid-9CB18C1E-7199-47C4-BA20-A0A9474D3EBF"}},{"resourceId":"sid-170F90BB-182C-44FD-9293-4017AC7BBF9B","properties":{"overrideid":"","name":"Approved","documentation":"","conditionsequenceflow":{"expression":{"type":"static","staticValue":"${preApprovalState == 'APPROVED'}"}},"executionlisteners":"","defaultflow":false,"skipexpression":""},"stencil":{"id":"SequenceFlow"},"childShapes":[],"outgoing":[{"resourceId":"sid-055DF351-203F-42D9-8C45-DAAC7CB3DE32"}],"bounds":{"lowerRight":{"x":959.58203125,"y":157.53515625},"upperLeft":{"x":630.5,"y":44}},"dockers":[{"x":20.5,"y":20.5},{"x":630.5,"y":44},{"x":14,"y":14}],"target":{"resourceId":"sid-055DF351-203F-42D9-8C45-DAAC7CB3DE32"}},{"resourceId":"sid-4A849E42-628C-4F11-9A03-1A1B0C453199","properties":{"overrideid":"","name":"Declined","documentation":"","conditionsequenceflow":{"expression":{"type":"static","staticValue":"${preApprovalState == 'DECLINED'}"}},"executionlisteners":"","defaultflow":false,"skipexpression":""},"stencil":{"id":"SequenceFlow"},"childShapes":[],"outgoing":[{"resourceId":"sid-4BFF7D07-1F53-4944-BD48-211EF8730806"}],"bounds":{"lowerRight":{"x":959.58203125,"y":299},"upperLeft":{"x":630.5,"y":198.328125}},"dockers":[{"x":20.5,"y":20.5},{"x":630.5,"y":299},{"x":14,"y":14}],"target":{"resourceId":"sid-4BFF7D07-1F53-4944-BD48-211EF8730806"}}],"stencil":{"id":"BPMNDiagram"},"stencilset":{"namespace":"http://b3mn.org/stencilset/bpmn2.0#","url":"../editor/stencilsets/bpmn2.0/bpmn2.0.json"},"name":"Loan Approval Process with Decision Table","key":"LoanApprovalProcesswithDecisionTable"}}