{"id":"ca73dec0-f79d-11ec-93bf-2811a82f92d0","name":"Decision Process App","key":"Decision_Process_App","description":"","editorJson":{"models":[{"id":"fa9fdf6d-fdb2-11ec-9fcf-2811a82f92d0","name":"Loan Approval Process with Decision Service","version":1,"modelType":0,"description":"Loan Approval Process using DMN","stencilSetId":null,"createdBy":"admin","lastUpdatedBy":"admin","lastUpdated":"2022-07-07T05:38:38.081+00:00"},{"id":"1b6d169c-f79e-11ec-93bf-2811a82f92d0","name":"Loan Approval Process with Decision Table","version":1,"modelType":0,"description":"","stencilSetId":null,"createdBy":"admin","lastUpdatedBy":"admin","lastUpdated":"2022-07-07T05:28:12.879+00:00"}],"theme":"theme-2","icon":"glyphicon-asterisk"}}