{"id":"DATA_OBJECT_MODEL-5ac3f241-1a28-4859-8166-e4d5f7694858","name":"Employee","key":"employee","description":null,"tenantId":"default","editorJson":{"fieldMappings":[{"label":"Emp Id","name":"empId","type":"STRING","lookupId":true,"description":""},{"label":"Emp Name","name":"empName","type":"STRING","lookupId":false,"description":""},{"label":"Client Program","name":"clientProgram","type":"STRING","lookupId":false,"description":""},{"label":"Designation","name":"designation","type":"STRING","lookupId":false,"description":""},{"label":"Manager","name":"manager","type":"STRING","lookupId":false,"description":""},{"label":"Funding Category","name":"fundingCategory","type":"STRING","lookupId":false,"description":""},{"label":"Allocation","name":"allocation","type":"DOUBLE","lookupId":false,"description":""},{"label":"Assigned Project","name":"assignedProject","type":"STRING","lookupId":false,"description":""},{"label":"Planned Efforts","name":"plannedEfforts","type":"INT","lookupId":false,"description":""},{"label":"Spent Efforts","name":"spentEfforts","type":"INT","lookupId":false,"description":""}],"dataObjectType":"serviceRegistryDataObject","sourceId":"flowableServiceRegistryDataSource","definitionIdentityLinks":{"queryInstances":{"groups":["flowableUser","flowableAdministrator"]},"createInstances":{"groups":["flowableUser"]},"deleteInstances":{"groups":["flowableUser"]},"updateInstances":{"groups":["flowableUser"]}},"instanceIdentityLinks":[{"type":"owner","groups":["flowableUser"]},{"type":"watcher","groups":["flowableUser"]}],"referencedServiceDefinitionModelKey":"flowable_App_Db"}}