{"id":"SERVICE_DEFINITION_MODEL-7ba9e03c-17ab-4575-acc1-d08d8ec44f85","name":"Flowable_App_Db","key":"flowable_App_Db","description":null,"tenantId":"default","editorJson":{"referenceKey":"employee","type":"database","tableName":"Employee","lookupIdAutoGenerated":true,"operations":[{"name":"Lookup","key":"findById","inputParameters":[{"displayName":"Emp Id","name":"empId","mappingName":"empId","required":false,"type":"string"}],"outputParameters":[],"config":{},"type":"lookup"},{"name":"Create","key":"create","inputParameters":[{"displayName":"Emp Id","name":"empId","mappingName":"empId","required":false,"type":"string"},{"displayName":"Emp Name","name":"empName","mappingName":"empName","required":false,"type":"string"},{"displayName":"Client Program","name":"clientProgram","mappingName":"clientProgram","required":false,"type":"string"},{"displayName":"Designation","name":"designation","mappingName":"designation","required":false,"type":"string"},{"displayName":"Manager","name":"manager","mappingName":"manager","required":false,"type":"string"},{"displayName":"Funding Category","name":"fundingCategory","mappingName":"fundingCategory","required":false,"type":"string"},{"displayName":"Allocation","name":"allocation","mappingName":"allocation","required":false,"type":"double"},{"displayName":"Assigned Project","name":"assignedProject","mappingName":"assignedProject","required":false,"type":"string"},{"displayName":"Planned Efforts","name":"plannedEfforts","mappingName":"plannedEfforts","required":false,"type":"integer"},{"displayName":"Spent Efforts","name":"spentEfforts","mappingName":"spentEfforts","required":false,"type":"integer"}],"outputParameters":[],"config":{},"type":"create"},{"name":"Update","key":"update","inputParameters":[{"displayName":"Emp Id","name":"empId","mappingName":"empId","required":false,"type":"string"},{"displayName":"Emp Name","name":"empName","mappingName":"empName","required":false,"type":"string"},{"displayName":"Client Program","name":"clientProgram","mappingName":"clientProgram","required":false,"type":"string"},{"displayName":"Designation","name":"designation","mappingName":"designation","required":false,"type":"string"},{"displayName":"Manager","name":"manager","mappingName":"manager","required":false,"type":"string"},{"displayName":"Funding Category","name":"fundingCategory","mappingName":"fundingCategory","required":false,"type":"string"},{"displayName":"Allocation","name":"allocation","mappingName":"allocation","required":false,"type":"double"},{"displayName":"Assigned Project","name":"assignedProject","mappingName":"assignedProject","required":false,"type":"string"},{"displayName":"Planned Efforts","name":"plannedEfforts","mappingName":"plannedEfforts","required":false,"type":"integer"},{"displayName":"Spent Efforts","name":"spentEfforts","mappingName":"spentEfforts","required":false,"type":"integer"}],"outputParameters":[],"config":{},"type":"update"},{"name":"Delete","key":"delete","inputParameters":[{"displayName":"Emp Id","name":"empId","mappingName":"empId","required":false,"type":"string"}],"config":{},"type":"delete"},{"name":"Search with Program","key":"searchWithProgram","inputParameters":[{"displayName":"Client Program","name":"clientProgram","mappingName":"clientProgram","required":false,"type":"string","defaultValue":"DOMAN"}],"outputParameters":[],"config":{"queryColumns":[{"inputParameterName":"clientProgram","operator":"equals","columnName":"Client_Program"}]},"type":"search","dataObjectSortFields":[]}],"lookupId":"empId","columnMappings":[{"name":"empId","type":"STRING","columnName":"Emp_Id"},{"name":"empName","type":"STRING","columnName":"Emp_Name"},{"name":"clientProgram","type":"STRING","columnName":"Client_Program"},{"name":"designation","type":"STRING","columnName":"Designation"},{"name":"manager","type":"STRING","columnName":"Manager"},{"name":"fundingCategory","type":"STRING","columnName":"Funding_Category"},{"name":"allocation","type":"DOUBLE","columnName":"Allocation"},{"name":"assignedProject","type":"STRING","columnName":"Assigned_Project"}]}}