{"id":"4a8c0b44-e26c-11ec-8a7f-2811a82f92d0","name":"Custom Outcome","key":"Custom_Outcome","description":"Custom Outcome","editorJson":{"modelId":"4a8c0b44-e26c-11ec-8a7f-2811a82f92d0","bounds":{"lowerRight":{"x":1200,"y":1050},"upperLeft":{"x":0,"y":0}},"properties":{"process_id":"Custom_Outcome","name":"Custom Outcome","documentation":"Custom Outcome","process_author":"","process_version":"","process_namespace":"http://www.flowable.org/processdef","process_historylevel":"","isexecutable":true,"dataproperties":"","executionlisteners":"","eventlisteners":"","signaldefinitions":"","messagedefinitions":"","escalationdefinitions":"","process_potentialstarteruser":"","process_potentialstartergroup":"","iseagerexecutionfetch":"false"},"childShapes":[{"resourceId":"startEvent1","properties":{"overrideid":"","name":"","documentation":"","executionlisteners":"","initiator":"","formkeydefinition":"","formreference":"","formfieldvalidation":true,"formproperties":""},"stencil":{"id":"StartNoneEvent"},"childShapes":[],"outgoing":[{"resourceId":"sid-B0D8A6B4-2736-4587-872F-C53D8E8F8991"}],"bounds":{"lowerRight":{"x":130,"y":193},"upperLeft":{"x":100,"y":163}},"dockers":[]},{"resourceId":"sid-C510C9DA-0733-4982-8C2A-AEE10BF504F1","properties":{"overrideid":"","name":"","documentation":"","asynchronousdefinition":"false","exclusivedefinition":true,"sequencefloworder":""},"stencil":{"id":"ExclusiveGateway"},"childShapes":[],"outgoing":[{"resourceId":"sid-83DB0460-7970-43E2-9377-16C6E6EF6EFA"},{"resourceId":"sid-DE30010C-44B6-4149-8C5C-52EDE1DAF2D5"}],"bounds":{"lowerRight":{"x":400,"y":198},"upperLeft":{"x":360,"y":158}},"dockers":[]},{"resourceId":"sid-B0D8A6B4-2736-4587-872F-C53D8E8F8991","properties":{"overrideid":"","name":"","documentation":"","conditionsequenceflow":"","executionlisteners":"","defaultflow":"false","skipexpression":""},"stencil":{"id":"SequenceFlow"},"childShapes":[],"outgoing":[{"resourceId":"sid-A2CCD96F-D1AF-46FD-AD29-F7F3025E1839"}],"bounds":{"lowerRight":{"x":164.78125,"y":178},"upperLeft":{"x":130.0625,"y":178}},"dockers":[{"x":15,"y":15},{"x":50,"y":40}],"target":{"resourceId":"sid-A2CCD96F-D1AF-46FD-AD29-F7F3025E1839"}},{"resourceId":"sid-7F835838-CA10-4F86-9ACE-D76E74222D14","properties":{"overrideid":"","name":"","documentation":"","conditionsequenceflow":"","executionlisteners":"","defaultflow":"false","skipexpression":""},"stencil":{"id":"SequenceFlow"},"childShapes":[],"outgoing":[{"resourceId":"sid-C510C9DA-0733-4982-8C2A-AEE10BF504F1"}],"bounds":{"lowerRight":{"x":359.6640625,"y":178},"upperLeft":{"x":265.62890625,"y":178}},"dockers":[{"x":50,"y":40},{"x":20,"y":20}],"target":{"resourceId":"sid-C510C9DA-0733-4982-8C2A-AEE10BF504F1"}},{"resourceId":"sid-9F517F66-2D08-4799-A1FF-ABFE0AFA09AF","properties":{"scriptformat":"groovy","scripttext":"println(\"===============>FALSE\");","overrideid":"","name":"Declined","documentation":"","asynchronousdefinition":"false","exclusivedefinition":"false","executionlisteners":"","multiinstance_type":"None","multiinstance_variableaggregations":"","multiinstance_cardinality":"","multiinstance_collection":"","multiinstance_variable":"","multiinstance_condition":"","skipexpression":"","isforcompensation":"false","scriptautostorevariables":"false","type":"http://b3mn.org/stencilset/bpmn2.0#UserTask","usertaskassignment":"","formkeydefinition":"","formreference":"","formfieldvalidation":true,"duedatedefinition":"","prioritydefinition":"","formproperties":"","tasklisteners":"","categorydefinition":"","taskidvariablename":""},"stencil":{"id":"ScriptTask"},"childShapes":[],"outgoing":[{"resourceId":"sid-243D4764-D13B-477D-B71B-CD8A8B86AB85"}],"bounds":{"lowerRight":{"x":545,"y":218},"upperLeft":{"x":445,"y":138}},"dockers":[]},{"resourceId":"sid-E073D07C-4B9C-430F-B59D-665F36D85B05","properties":{"scriptformat":"groovy","scripttext":"println(\"===============>TRUE\");","overrideid":"","name":"Approved","documentation":"","asynchronousdefinition":"false","exclusivedefinition":"false","executionlisteners":"","multiinstance_type":"None","multiinstance_variableaggregations":"","multiinstance_cardinality":"","multiinstance_collection":"","multiinstance_variable":"","multiinstance_condition":"","skipexpression":"","isforcompensation":"false","scriptautostorevariables":"false","type":"http://b3mn.org/stencilset/bpmn2.0#UserTask","usertaskassignment":"","formkeydefinition":"","formreference":"","formfieldvalidation":true,"duedatedefinition":"","prioritydefinition":"","formproperties":"","tasklisteners":"","categorydefinition":"","taskidvariablename":""},"stencil":{"id":"ScriptTask"},"childShapes":[],"outgoing":[{"resourceId":"sid-7478738C-11E5-44D3-97AE-744CD5930FB4"}],"bounds":{"lowerRight":{"x":545,"y":125},"upperLeft":{"x":445,"y":45}},"dockers":[]},{"resourceId":"sid-5EFFA162-A5F4-426E-AF78-96E8DABE9FA0","properties":{"overrideid":"","name":"","documentation":"","executionlisteners":""},"stencil":{"id":"EndNoneEvent"},"childShapes":[],"outgoing":[],"bounds":{"lowerRight":{"x":618,"y":99},"upperLeft":{"x":590,"y":71}},"dockers":[]},{"resourceId":"sid-7478738C-11E5-44D3-97AE-744CD5930FB4","properties":{"overrideid":"","name":"","documentation":"","conditionsequenceflow":"","executionlisteners":"","defaultflow":"false","skipexpression":""},"stencil":{"id":"SequenceFlow"},"childShapes":[],"outgoing":[{"resourceId":"sid-5EFFA162-A5F4-426E-AF78-96E8DABE9FA0"}],"bounds":{"lowerRight":{"x":589.375,"y":85},"upperLeft":{"x":545.390625,"y":85}},"dockers":[{"x":50,"y":40},{"x":14,"y":14}],"target":{"resourceId":"sid-5EFFA162-A5F4-426E-AF78-96E8DABE9FA0"}},{"resourceId":"sid-243D4764-D13B-477D-B71B-CD8A8B86AB85","properties":{"overrideid":"","name":"","documentation":"","conditionsequenceflow":"","executionlisteners":"","defaultflow":"false","skipexpression":""},"stencil":{"id":"SequenceFlow"},"childShapes":[],"outgoing":[{"resourceId":"sid-5EFFA162-A5F4-426E-AF78-96E8DABE9FA0"}],"bounds":{"lowerRight":{"x":593.0205174077176,"y":137.38999707722704},"upperLeft":{"x":542.5966700922824,"y":94.36781542277296}},"dockers":[{"x":50,"y":40},{"x":14,"y":14}],"target":{"resourceId":"sid-5EFFA162-A5F4-426E-AF78-96E8DABE9FA0"}},{"resourceId":"sid-83DB0460-7970-43E2-9377-16C6E6EF6EFA","properties":{"overrideid":"","name":"","documentation":"","conditionsequenceflow":{"expression":{"type":"static","staticValue":""}},"executionlisteners":"","defaultflow":true,"skipexpression":""},"stencil":{"id":"SequenceFlow"},"childShapes":[],"outgoing":[{"resourceId":"sid-9F517F66-2D08-4799-A1FF-ABFE0AFA09AF"}],"bounds":{"lowerRight":{"x":444.80079078438814,"y":178.41360197940782},"upperLeft":{"x":400.28514671561186,"y":178.21921052059218}},"dockers":[{"x":20.5,"y":20.5},{"x":50,"y":40}],"target":{"resourceId":"sid-9F517F66-2D08-4799-A1FF-ABFE0AFA09AF"}},{"resourceId":"sid-A2CCD96F-D1AF-46FD-AD29-F7F3025E1839","properties":{"overrideid":"","name":"Form","documentation":"","asynchronousdefinition":"false","exclusivedefinition":"false","executionlisteners":"","multiinstance_type":"None","multiinstance_variableaggregations":"","multiinstance_cardinality":"","multiinstance_collection":"","multiinstance_variable":"","multiinstance_condition":"","isforcompensation":"false","usertaskassignment":{"assignment":{"type":"static","assignee":"admin"}},"formkeydefinition":"","formreference":{"id":"6277d168-e0d8-11ec-8dd2-2811a82f92d0","name":"Prepare Email Form","key":"Prepare_Email_Form"},"formfieldvalidation":true,"duedatedefinition":"","prioritydefinition":"","formproperties":"","tasklisteners":"","skipexpression":"","categorydefinition":"","taskidvariablename":"","type":"http://b3mn.org/stencilset/bpmn2.0#UserTask","scriptformat":"groovy","scripttext":"execution.setVariable(\"msg\",\"hi\");","scriptautostorevariables":"false"},"stencil":{"id":"UserTask"},"childShapes":[],"outgoing":[{"resourceId":"sid-7F835838-CA10-4F86-9ACE-D76E74222D14"}],"bounds":{"lowerRight":{"x":265,"y":218},"upperLeft":{"x":165,"y":138}},"dockers":[]},{"resourceId":"sid-DE30010C-44B6-4149-8C5C-52EDE1DAF2D5","properties":{"overrideid":"","name":"","documentation":"","conditionsequenceflow":{"expression":{"type":"static","staticValue":"${form_Prepare_Email_Form_outcome==\"Approve\"}"}},"executionlisteners":"","defaultflow":"false","skipexpression":"","showdiamondmarker":false},"stencil":{"id":"SequenceFlow"},"childShapes":[],"outgoing":[{"resourceId":"sid-E073D07C-4B9C-430F-B59D-665F36D85B05"}],"bounds":{"lowerRight":{"x":444.80078125,"y":157.046875},"upperLeft":{"x":380.5,"y":85}},"dockers":[{"x":20.5,"y":20.5},{"x":380.5,"y":85},{"x":50,"y":40}],"target":{"resourceId":"sid-E073D07C-4B9C-430F-B59D-665F36D85B05"}}],"stencil":{"id":"BPMNDiagram"},"stencilset":{"namespace":"http://b3mn.org/stencilset/bpmn2.0#","url":"../editor/stencilsets/bpmn2.0/bpmn2.0.json"},"name":"Custom Outcome","key":"Custom_Outcome"}}