{"id":"69267b36-e634-11ec-80a5-2811a82f92d0","name":"Execute Event Listener","key":"Execute_Event_Listener","description":"Execute Event Listener Process","editorJson":{"modelId":"69267b36-e634-11ec-80a5-2811a82f92d0","bounds":{"lowerRight":{"x":1200,"y":1050},"upperLeft":{"x":0,"y":0}},"properties":{"process_id":"Execute_Event_Listener","name":"Execute Event Listener","documentation":"Execute Event Listener Process","process_author":"","process_version":"","process_namespace":"http://www.flowable.org/processdef","process_historylevel":"","isexecutable":true,"dataproperties":"","executionlisteners":"","eventlisteners":"","signaldefinitions":"","messagedefinitions":"","escalationdefinitions":"","process_potentialstarteruser":"","process_potentialstartergroup":"","iseagerexecutionfetch":"false"},"childShapes":[{"resourceId":"startEvent1","properties":{"overrideid":"","name":"","documentation":"","executionlisteners":{"executionListeners":[{"event":"start","implementation":"org.flowable.training.ExecuteEventListner","className":"org.flowable.training.ExecuteEventListner","expression":"","delegateExpression":"","$$hashKey":"uiGrid-000H","fields":[]},{"event":"end","implementation":"org.flowable.training.ExecuteEventListner","className":"org.flowable.training.ExecuteEventListner","expression":"","delegateExpression":"","$$hashKey":"uiGrid-000N","fields":[]}]},"initiator":"","formkeydefinition":"","formreference":"","formfieldvalidation":true,"formproperties":""},"stencil":{"id":"StartNoneEvent"},"childShapes":[],"outgoing":[{"resourceId":"sid-4D98A253-A194-43F0-8B1C-5A98A9A6F586"}],"bounds":{"lowerRight":{"x":130,"y":193},"upperLeft":{"x":100,"y":163}},"dockers":[]},{"resourceId":"sid-4FFC10B8-CEAF-46C4-ABE8-4282852FACF9","properties":{"overrideid":"","name":"Review account request","documentation":"","asynchronousdefinition":"false","exclusivedefinition":"false","executionlisteners":{"executionListeners":[{"event":"start","implementation":"org.flowable.training.ExecuteEventListner","className":"org.flowable.training.ExecuteEventListner","expression":"","delegateExpression":"","fields":[],"$$hashKey":"uiGrid-001R"},{"event":"end","implementation":"org.flowable.training.ExecuteEventListner","className":"org.flowable.training.ExecuteEventListner","expression":"","delegateExpression":"","$$hashKey":"uiGrid-0021","fields":[]}]},"multiinstance_type":"None","multiinstance_variableaggregations":"","multiinstance_cardinality":"","multiinstance_collection":"","multiinstance_variable":"","multiinstance_condition":"","isforcompensation":"false","usertaskassignment":"","formkeydefinition":"","formreference":{"id":"8bfd4664-e33b-11ec-ba6d-2811a82f92d0","name":"Payment Form","key":"Payment_Form"},"formfieldvalidation":true,"duedatedefinition":"","prioritydefinition":"","formproperties":"","tasklisteners":"","skipexpression":"","categorydefinition":"","taskidvariablename":""},"stencil":{"id":"UserTask"},"childShapes":[],"outgoing":[{"resourceId":"sid-6B6B7269-7C3D-48B5-8EDB-6F231C00FA85"}],"bounds":{"lowerRight":{"x":275,"y":218},"upperLeft":{"x":175,"y":138}},"dockers":[]},{"resourceId":"sid-4D98A253-A194-43F0-8B1C-5A98A9A6F586","properties":{"overrideid":"","name":"","documentation":"","conditionsequenceflow":"","executionlisteners":"","defaultflow":"false","skipexpression":""},"stencil":{"id":"SequenceFlow"},"childShapes":[],"outgoing":[{"resourceId":"sid-4FFC10B8-CEAF-46C4-ABE8-4282852FACF9"}],"bounds":{"lowerRight":{"x":174.15625,"y":178},"upperLeft":{"x":130.609375,"y":178}},"dockers":[{"x":15,"y":15},{"x":50,"y":40}],"target":{"resourceId":"sid-4FFC10B8-CEAF-46C4-ABE8-4282852FACF9"}},{"resourceId":"sid-BBC3CBE7-F9E3-436B-A157-E6B428754B95","properties":{"overrideid":"","name":"","documentation":"","executionlisteners":""},"stencil":{"id":"EndNoneEvent"},"childShapes":[],"outgoing":[],"bounds":{"lowerRight":{"x":348,"y":192},"upperLeft":{"x":320,"y":164}},"dockers":[]},{"resourceId":"sid-6B6B7269-7C3D-48B5-8EDB-6F231C00FA85","properties":{"overrideid":"","name":"","documentation":"","conditionsequenceflow":"","executionlisteners":"","defaultflow":"false","skipexpression":""},"stencil":{"id":"SequenceFlow"},"childShapes":[],"outgoing":[{"resourceId":"sid-BBC3CBE7-F9E3-436B-A157-E6B428754B95"}],"bounds":{"lowerRight":{"x":319.375,"y":178},"upperLeft":{"x":275.390625,"y":178}},"dockers":[{"x":50,"y":40},{"x":14,"y":14}],"target":{"resourceId":"sid-BBC3CBE7-F9E3-436B-A157-E6B428754B95"}}],"stencil":{"id":"BPMNDiagram"},"stencilset":{"namespace":"http://b3mn.org/stencilset/bpmn2.0#","url":"../editor/stencilsets/bpmn2.0/bpmn2.0.json"},"name":"Execute Event Listener","key":"Execute_Event_Listener"}}