{"id":"b359b56c-e27e-11ec-8a7f-2811a82f92d0","name":"Http Task","key":"Http_Task","description":"Http Task","editorJson":{"modelId":"b359b56c-e27e-11ec-8a7f-2811a82f92d0","bounds":{"lowerRight":{"x":1200,"y":1050},"upperLeft":{"x":0,"y":0}},"properties":{"process_id":"Http_Task","name":"Http Task","documentation":"Http Task","process_author":"","process_version":"","process_namespace":"http://www.flowable.org/processdef","process_historylevel":"","isexecutable":true,"dataproperties":"","executionlisteners":"","eventlisteners":null,"signaldefinitions":"","messagedefinitions":"","escalationdefinitions":"","process_potentialstarteruser":"","process_potentialstartergroup":"","iseagerexecutionfetch":"false"},"childShapes":[{"resourceId":"startEvent1","properties":{"overrideid":"","name":"","documentation":"","executionlisteners":"","initiator":"","formkeydefinition":"","formreference":"","formfieldvalidation":true,"formproperties":""},"stencil":{"id":"StartNoneEvent"},"childShapes":[],"outgoing":[{"resourceId":"sid-FC467B48-4821-4F43-8710-3C4636D601FB"}],"bounds":{"lowerRight":{"x":130,"y":193},"upperLeft":{"x":100,"y":163}},"dockers":[]},{"resourceId":"sid-FC467B48-4821-4F43-8710-3C4636D601FB","properties":{"overrideid":"","name":"","documentation":"","conditionsequenceflow":"","executionlisteners":"","defaultflow":"false","skipexpression":""},"stencil":{"id":"SequenceFlow"},"childShapes":[],"outgoing":[{"resourceId":"sid-F729E2E7-BBFB-49D7-92DE-9DE0E58CCB30"}],"bounds":{"lowerRight":{"x":174.15625,"y":178},"upperLeft":{"x":130.609375,"y":178}},"dockers":[{"x":15,"y":15},{"x":50,"y":40}],"target":{"resourceId":"sid-F729E2E7-BBFB-49D7-92DE-9DE0E58CCB30"}},{"resourceId":"sid-F729E2E7-BBFB-49D7-92DE-9DE0E58CCB30","properties":{"overrideid":"get_timezones","name":"Get Timezone","documentation":"","asynchronousdefinition":"false","exclusivedefinition":"false","executionlisteners":"","multiinstance_type":"None","multiinstance_variableaggregations":"","multiinstance_cardinality":"","multiinstance_collection":"","multiinstance_variable":"","multiinstance_condition":"","isforcompensation":"false","httptaskrequestmethod":"","httptaskrequesturl":"http://worldtimeapi.org/api/timezone/Europe","httptaskrequestheaders":"","httptaskrequestbody":"","httptaskrequestbodyencoding":"","httptaskrequesttimeout":"","httptaskdisallowredirects":"","httptaskfailstatuscodes":"","httptaskhandlestatuscodes":"","httptaskignoreexception":"","httptaskresponsevariablename":"timezones","httptasksaverequestvariables":"","httptasksaveresponseparameters":"","httptaskresultvariableprefix":"","httptasksaveresponseparameterstransient":"","httptasksaveresponseasjson":"","httptaskparallelinsametransaction":true,"skipexpression":"","type":"http://b3mn.org/stencilset/bpmn2.0#UserTask","usertaskassignment":"","formkeydefinition":"","formreference":"","formfieldvalidation":true,"duedatedefinition":"","prioritydefinition":"","formproperties":"","tasklisteners":"","categorydefinition":"","taskidvariablename":""},"stencil":{"id":"HttpTask"},"childShapes":[],"outgoing":[{"resourceId":"sid-376A67E9-AF8B-44E0-92D8-80D4DD39E204"}],"bounds":{"lowerRight":{"x":275,"y":218},"upperLeft":{"x":175,"y":138}},"dockers":[]},{"resourceId":"sid-376A67E9-AF8B-44E0-92D8-80D4DD39E204","properties":{"overrideid":"","name":"","documentation":"","conditionsequenceflow":"","executionlisteners":"","defaultflow":"false","skipexpression":""},"stencil":{"id":"SequenceFlow"},"childShapes":[],"outgoing":[{"resourceId":"sid-4A3ED663-7DAA-44A8-92C4-373ADC0CDFF1"}],"bounds":{"lowerRight":{"x":319.15625,"y":178},"upperLeft":{"x":275.84375,"y":178}},"dockers":[{"x":50,"y":40},{"x":50,"y":40}],"target":{"resourceId":"sid-4A3ED663-7DAA-44A8-92C4-373ADC0CDFF1"}},{"resourceId":"sid-2DE47C7F-E3C9-4935-AAD5-F82D011A3921","properties":{"overrideid":"","name":"","documentation":"","executionlisteners":""},"stencil":{"id":"EndNoneEvent"},"childShapes":[],"outgoing":[],"bounds":{"lowerRight":{"x":688,"y":192},"upperLeft":{"x":660,"y":164}},"dockers":[]},{"resourceId":"sid-4A3ED663-7DAA-44A8-92C4-373ADC0CDFF1","properties":{"scriptformat":"groovy","scripttext":"println(\"Timezone : ${timezones}\");\n\ndef var1 = \"\";\nif ( var1 == null || var1 == \"\" ) {\n\texecution.setVariable(\"isTimezoneValid\", false);\n\tthrow new org.flowable.engine.delegate.BpmnError(\"Timezone_error\", \"Error at timezone\");\n}\nelse{\n\texecution.setVariable(\"isTimezoneValid\", true);\n}","overrideid":"","name":"Display Timezone","documentation":"","asynchronousdefinition":"false","exclusivedefinition":"false","executionlisteners":"","multiinstance_type":"None","multiinstance_variableaggregations":"","multiinstance_cardinality":"","multiinstance_collection":"","multiinstance_variable":"","multiinstance_condition":"","skipexpression":"","isforcompensation":"false","scriptautostorevariables":"false","type":"http://b3mn.org/stencilset/bpmn2.0#UserTask","usertaskassignment":"","formkeydefinition":"","formreference":"","formfieldvalidation":true,"duedatedefinition":"","prioritydefinition":"","formproperties":"","tasklisteners":"","categorydefinition":"","taskidvariablename":""},"stencil":{"id":"ScriptTask"},"childShapes":[],"outgoing":[{"resourceId":"sid-F39CECF1-F49D-47D8-8A8E-BEE8C71AED44"},{"resourceId":"sid-B6150B46-6173-40FC-81F2-9A55939F7ED6"}],"bounds":{"lowerRight":{"x":420,"y":218},"upperLeft":{"x":320,"y":138}},"dockers":[]},{"resourceId":"sid-0F6D5147-298D-4828-8F88-4DC76BBD1C89","properties":{"overrideid":"","name":"Show Timezones","documentation":"","asynchronousdefinition":"false","exclusivedefinition":"false","executionlisteners":"","multiinstance_type":"None","multiinstance_variableaggregations":"","multiinstance_cardinality":"","multiinstance_collection":"","multiinstance_variable":"","multiinstance_condition":"","isforcompensation":"false","usertaskassignment":{"assignment":{"type":"static","assignee":"admin"}},"formkeydefinition":"","formreference":{"id":"1c0990bd-e281-11ec-8a7f-2811a82f92d0","name":"Timezone Form","key":"Timezone_Form"},"formfieldvalidation":true,"duedatedefinition":"","prioritydefinition":"","formproperties":"","tasklisteners":"","skipexpression":"","categorydefinition":"","taskidvariablename":""},"stencil":{"id":"UserTask"},"childShapes":[],"outgoing":[{"resourceId":"sid-82EA0718-FB2E-4EFE-A7FF-7764CD71917A"}],"bounds":{"lowerRight":{"x":565,"y":218},"upperLeft":{"x":465,"y":138}},"dockers":[]},{"resourceId":"sid-F39CECF1-F49D-47D8-8A8E-BEE8C71AED44","properties":{"overrideid":"","name":"","documentation":"","conditionsequenceflow":"","executionlisteners":"","defaultflow":"false","skipexpression":""},"stencil":{"id":"SequenceFlow"},"childShapes":[],"outgoing":[{"resourceId":"sid-0F6D5147-298D-4828-8F88-4DC76BBD1C89"}],"bounds":{"lowerRight":{"x":464.15625,"y":178},"upperLeft":{"x":420.84375,"y":178}},"dockers":[{"x":50,"y":40},{"x":50,"y":40}],"target":{"resourceId":"sid-0F6D5147-298D-4828-8F88-4DC76BBD1C89"}},{"resourceId":"sid-82EA0718-FB2E-4EFE-A7FF-7764CD71917A","properties":{"overrideid":"","name":"","documentation":"","conditionsequenceflow":"","executionlisteners":"","defaultflow":"false","skipexpression":""},"stencil":{"id":"SequenceFlow"},"childShapes":[],"outgoing":[{"resourceId":"sid-2DE47C7F-E3C9-4935-AAD5-F82D011A3921"}],"bounds":{"lowerRight":{"x":659.3359375,"y":178},"upperLeft":{"x":565.6875,"y":178}},"dockers":[{"x":50,"y":40},{"x":14,"y":14}],"target":{"resourceId":"sid-2DE47C7F-E3C9-4935-AAD5-F82D011A3921"}},{"resourceId":"sid-9DF3AB5D-3C45-4170-82D3-D7ECEFAB1CD1","properties":{"overrideid":"","name":"","documentation":"","conditionsequenceflow":"","executionlisteners":"","defaultflow":"false","skipexpression":""},"stencil":{"id":"SequenceFlow"},"childShapes":[],"outgoing":[{"resourceId":"sid-7AC40E7F-DD02-477F-A5C7-5F5439044F61"}],"bounds":{"lowerRight":{"x":374.35152285357987,"y":326.8626606782077},"upperLeft":{"x":374.35152285357987,"y":233.84962671567624}},"dockers":[{"x":15,"y":15},{"x":50,"y":40}],"target":{"resourceId":"sid-7AC40E7F-DD02-477F-A5C7-5F5439044F61"}},{"resourceId":"sid-7AC40E7F-DD02-477F-A5C7-5F5439044F61","properties":{"scriptformat":"groovy","scripttext":"println(\"Error=====> : ${isTimezoneValid}\");","overrideid":"","name":"Error Script","documentation":"","asynchronousdefinition":"false","exclusivedefinition":"false","executionlisteners":"","multiinstance_type":"None","multiinstance_variableaggregations":"","multiinstance_cardinality":"","multiinstance_collection":"","multiinstance_variable":"","multiinstance_condition":"","skipexpression":"","isforcompensation":"false","scriptautostorevariables":"false","type":"http://b3mn.org/stencilset/bpmn2.0#UserTask","usertaskassignment":{"assignment":{"type":"static","assignee":"admin"}},"formkeydefinition":"","formreference":{"id":"356f9f42-e302-11ec-ba6d-2811a82f92d0","name":"Error Form","key":"Error_Form"},"formfieldvalidation":true,"duedatedefinition":"","prioritydefinition":"","formproperties":"","tasklisteners":"","categorydefinition":"","taskidvariablename":""},"stencil":{"id":"ScriptTask"},"childShapes":[],"outgoing":[{"resourceId":"sid-0E349698-C828-4503-87DC-31B766600703"}],"bounds":{"lowerRight":{"x":424.35152285357987,"y":407.5},"upperLeft":{"x":324.35152285357987,"y":327.5}},"dockers":[]},{"resourceId":"sid-0E349698-C828-4503-87DC-31B766600703","properties":{"overrideid":"","name":"","documentation":"","conditionsequenceflow":"","executionlisteners":"","defaultflow":"false","skipexpression":"","showdiamondmarker":false},"stencil":{"id":"SequenceFlow"},"childShapes":[],"outgoing":[{"resourceId":"sid-2DE47C7F-E3C9-4935-AAD5-F82D011A3921"}],"bounds":{"lowerRight":{"x":674,"y":367.5},"upperLeft":{"x":425.33061846743306,"y":192.32421875}},"dockers":[{"x":99,"y":40},{"x":674,"y":367.5},{"x":14,"y":14}],"target":{"resourceId":"sid-2DE47C7F-E3C9-4935-AAD5-F82D011A3921"}},{"resourceId":"sid-B6150B46-6173-40FC-81F2-9A55939F7ED6","properties":{"overrideid":"","name":"","documentation":"","errorref":"Timezone_error","errorvariablename":"Timezone_error","errorvariabletransient":true,"errorvariablelocalscope":true},"stencil":{"id":"BoundaryErrorEvent"},"childShapes":[],"outgoing":[{"resourceId":"sid-9DF3AB5D-3C45-4170-82D3-D7ECEFAB1CD1"}],"bounds":{"lowerRight":{"x":389.35152285357987,"y":233.27707549442908},"upperLeft":{"x":359.35152285357987,"y":203.27707549442908}},"dockers":[{"x":53.999969482421875,"y":77.02314758300781}]}],"stencil":{"id":"BPMNDiagram"},"stencilset":{"namespace":"http://b3mn.org/stencilset/bpmn2.0#","url":"../editor/stencilsets/bpmn2.0/bpmn2.0.json"}}}