{"id":"05db0447-e0d8-11ec-8dd2-2811a82f92d0","name":"Mail Service Task","key":"Mail_Service_Task","description":"Mail Service Task","editorJson":{"modelId":"05db0447-e0d8-11ec-8dd2-2811a82f92d0","bounds":{"lowerRight":{"x":1200,"y":1050},"upperLeft":{"x":0,"y":0}},"properties":{"process_id":"Mail_Service_Task","name":"Mail Service Task","documentation":"Mail Service Task","process_author":"","process_version":"","process_namespace":"http://www.flowable.org/processdef","process_historylevel":"","isexecutable":true,"dataproperties":"","executionlisteners":"","eventlisteners":"","signaldefinitions":"","messagedefinitions":"","escalationdefinitions":"","process_potentialstarteruser":"","process_potentialstartergroup":"","iseagerexecutionfetch":"false"},"childShapes":[{"resourceId":"startEvent1","properties":{"overrideid":"","name":"","documentation":"","executionlisteners":"","initiator":"","formkeydefinition":"","formreference":"","formfieldvalidation":true,"formproperties":""},"stencil":{"id":"StartNoneEvent"},"childShapes":[],"outgoing":[{"resourceId":"sid-CD07E22F-6554-4D06-949E-614AA61EF1FD"}],"bounds":{"lowerRight":{"x":130,"y":193},"upperLeft":{"x":100,"y":163}},"dockers":[]},{"resourceId":"sid-29B03A12-FD80-481B-8FCA-65AFEA2B7733","properties":{"overrideid":"","name":"Prepare Email","documentation":"","asynchronousdefinition":"false","exclusivedefinition":"false","executionlisteners":"","multiinstance_type":"None","multiinstance_variableaggregations":"","multiinstance_cardinality":"","multiinstance_collection":"","multiinstance_variable":"","multiinstance_condition":"","isforcompensation":"false","usertaskassignment":{"assignment":{"type":"idm","idm":{"type":"user","assignee":{"id":"admin","firstName":"Test","lastName":"Administrator","email":"test-admin@example-domain.tld","fullName":"Test Administrator","tenantId":null,"groups":[],"privileges":[],"$$hashKey":"object:723"}}}},"formkeydefinition":"","formreference":{"id":"6277d168-e0d8-11ec-8dd2-2811a82f92d0","name":"Prepare Email Form","key":"Prepare_Email_Form"},"formfieldvalidation":true,"duedatedefinition":"","prioritydefinition":"","formproperties":"","tasklisteners":"","skipexpression":"","categorydefinition":"","taskidvariablename":""},"stencil":{"id":"UserTask"},"childShapes":[],"outgoing":[{"resourceId":"sid-E0540985-F0D2-44C7-B909-88F6A8EFC7F4"}],"bounds":{"lowerRight":{"x":308.9999791604486,"y":218},"upperLeft":{"x":208.99997916044862,"y":138}},"dockers":[]},{"resourceId":"sid-CD07E22F-6554-4D06-949E-614AA61EF1FD","properties":{"overrideid":"","name":"","documentation":"","conditionsequenceflow":"","executionlisteners":"","defaultflow":"false","skipexpression":""},"stencil":{"id":"SequenceFlow"},"childShapes":[],"outgoing":[{"resourceId":"sid-29B03A12-FD80-481B-8FCA-65AFEA2B7733"}],"bounds":{"lowerRight":{"x":208.4999863240444,"y":178},"upperLeft":{"x":130.62499788348305,"y":178}},"dockers":[{"x":15,"y":15},{"x":50,"y":40}],"target":{"resourceId":"sid-29B03A12-FD80-481B-8FCA-65AFEA2B7733"}},{"resourceId":"sid-31828395-65B8-4E7C-8228-16F00A85151C","properties":{"overrideid":"","name":"","documentation":"","executionlisteners":""},"stencil":{"id":"EndNoneEvent"},"childShapes":[],"outgoing":[],"bounds":{"lowerRight":{"x":566.9999791604487,"y":192},"upperLeft":{"x":538.9999791604487,"y":164}},"dockers":[]},{"resourceId":"sid-133D39D8-0FA5-438C-9E77-EDD45082C40E","properties":{"overrideid":"","name":"","documentation":"","conditionsequenceflow":"","executionlisteners":"","defaultflow":"false","skipexpression":"","showdiamondmarker":false},"stencil":{"id":"SequenceFlow"},"childShapes":[],"outgoing":[{"resourceId":"sid-31828395-65B8-4E7C-8228-16F00A85151C"}],"bounds":{"lowerRight":{"x":538.7656024970379,"y":178},"upperLeft":{"x":490.2343461458328,"y":178}},"dockers":[{"x":85.99996948242188,"y":40},{"x":14,"y":14}],"target":{"resourceId":"sid-31828395-65B8-4E7C-8228-16F00A85151C"}},{"resourceId":"sid-27D0C0A4-8280-4B8F-8676-8E3AB1AEBE71","properties":{"overrideid":"","name":"Send Email","documentation":"","asynchronousdefinition":"false","exclusivedefinition":"false","executionlisteners":"","multiinstance_type":"None","multiinstance_variableaggregations":"","multiinstance_cardinality":"","multiinstance_collection":"","multiinstance_variable":"","multiinstance_condition":"","isforcompensation":"false","mailtaskheaders":"","mailtaskto":"${to}","mailtaskfrom":"","mailtasksubject":"${subject}","mailtaskcc":"","mailtaskbcc":"","mailtasktext":"${body}","mailtasktextvar":"","mailtaskhtml":"","mailtaskhtmlvar":"","mailtaskcharset":""},"stencil":{"id":"MailTask"},"childShapes":[],"outgoing":[{"resourceId":"sid-133D39D8-0FA5-438C-9E77-EDD45082C40E"}],"bounds":{"lowerRight":{"x":490,"y":218},"upperLeft":{"x":390,"y":138}},"dockers":[]},{"resourceId":"sid-E0540985-F0D2-44C7-B909-88F6A8EFC7F4","properties":{"overrideid":"","name":"","documentation":"","conditionsequenceflow":"","executionlisteners":"","defaultflow":"false","skipexpression":"","showdiamondmarker":false},"stencil":{"id":"SequenceFlow"},"childShapes":[],"outgoing":[{"resourceId":"sid-27D0C0A4-8280-4B8F-8676-8E3AB1AEBE71"}],"bounds":{"lowerRight":{"x":389.5898154629046,"y":178},"upperLeft":{"x":309.429663862894,"y":178}},"dockers":[{"x":50,"y":40},{"x":39.999969482421875,"y":40}],"target":{"resourceId":"sid-27D0C0A4-8280-4B8F-8676-8E3AB1AEBE71"}}],"stencil":{"id":"BPMNDiagram"},"stencilset":{"namespace":"http://b3mn.org/stencilset/bpmn2.0#","url":"../editor/stencilsets/bpmn2.0/bpmn2.0.json"}}}