{"id":"f878c5bf-e16a-11ec-b928-2811a82f92d0","name":"Message Event","key":"Message_Event","description":"Message Event","editorJson":{"modelId":"f878c5bf-e16a-11ec-b928-2811a82f92d0","bounds":{"lowerRight":{"x":1200,"y":1050},"upperLeft":{"x":0,"y":0}},"properties":{"process_id":"Message_Event","name":"Message Event","documentation":"Message Event","process_author":"","process_version":"","process_namespace":"http://www.flowable.org/processdef","process_historylevel":"","isexecutable":true,"dataproperties":"","executionlisteners":"","eventlisteners":"","signaldefinitions":"","messagedefinitions":"[{\"id\":\"order_by_web\",\"name\":\"order_by_web\",\"$$hashKey\":\"uiGrid-001Z\"},{\"id\":\"order_by_broker\",\"name\":\"order_by_broker\",\"$$hashKey\":\"uiGrid-0021\"},{\"id\":\"payment_received\",\"name\":\"payment_received\",\"$$hashKey\":\"uiGrid-0023\"},{\"id\":\"shipping_cancelled\",\"name\":\"shipping_cancelled\",\"$$hashKey\":\"uiGrid-0025\"}]","escalationdefinitions":"","process_potentialstarteruser":"","process_potentialstartergroup":"","iseagerexecutionfetch":"false"},"childShapes":[{"resourceId":"sid-A887AF29-1007-45F8-86E4-BA1E04C106B9","properties":{"overrideid":"","name":"Receive order by web","documentation":"","executionlisteners":"","messageref":"order_by_web","messageexpression":"","interrupting":true,"type":"http://b3mn.org/stencilset/bpmn2.0#StartNoneEvent","initiator":"","formkeydefinition":"","formreference":"","formfieldvalidation":true,"formproperties":""},"stencil":{"id":"StartMessageEvent"},"childShapes":[],"outgoing":[{"resourceId":"sid-70920747-ABD6-4B13-9CB9-C1EF3BAA7020"}],"bounds":{"lowerRight":{"x":130.25,"y":165},"upperLeft":{"x":99.75,"y":135}},"dockers":[]},{"resourceId":"sid-0CD69F4B-69B9-47EE-A8EF-CF5A628EF4BE","properties":{"scriptformat":"groovy","scripttext":"out.println(\"Receiving payment by ${customerName} with amount Rs. ${amount} through ${orderSource}\");","overrideid":"","name":"Receive payment","documentation":"","asynchronousdefinition":"false","exclusivedefinition":"false","executionlisteners":"","multiinstance_type":"None","multiinstance_variableaggregations":"","multiinstance_cardinality":"","multiinstance_collection":"","multiinstance_variable":"","multiinstance_condition":"","skipexpression":"","isforcompensation":"false","scriptautostorevariables":"false"},"stencil":{"id":"ScriptTask"},"childShapes":[],"outgoing":[{"resourceId":"sid-A7166F47-D67D-441E-A585-280C3698A399"}],"bounds":{"lowerRight":{"x":520,"y":190.02314108552866},"upperLeft":{"x":420,"y":110.02314108552869}},"dockers":[]},{"resourceId":"sid-70920747-ABD6-4B13-9CB9-C1EF3BAA7020","properties":{"overrideid":"","name":"","documentation":"","conditionsequenceflow":"","executionlisteners":"","defaultflow":"false","skipexpression":""},"stencil":{"id":"SequenceFlow"},"childShapes":[],"outgoing":[{"resourceId":"sid-0CD69F4B-69B9-47EE-A8EF-CF5A628EF4BE"}],"bounds":{"lowerRight":{"x":419.1132812521276,"y":150.01982163828183},"upperLeft":{"x":130.80029296662238,"y":150.0010143781805}},"dockers":[{"x":15.5,"y":15},{"x":50,"y":39.999999999999986}],"target":{"resourceId":"sid-0CD69F4B-69B9-47EE-A8EF-CF5A628EF4BE"}},{"resourceId":"sid-AA3310A3-DD3C-4818-AC4E-6B82E82092D7","properties":{"overrideid":"","name":"","documentation":"","executionlisteners":""},"stencil":{"id":"EndNoneEvent"},"childShapes":[],"outgoing":[],"bounds":{"lowerRight":{"x":958,"y":164.0231410855287},"upperLeft":{"x":930,"y":136.0231410855287}},"dockers":[]},{"resourceId":"sid-5DA063E7-0002-4735-BB22-8C13168040F4","properties":{"overrideid":"","name":"Receive order from broker","documentation":"","executionlisteners":"","messageref":"order_by_broker","messageexpression":"","interrupting":true},"stencil":{"id":"StartMessageEvent"},"childShapes":[],"outgoing":[{"resourceId":"sid-3654E0D2-5F97-4691-8B2B-7C7485AD4D3D"}],"bounds":{"lowerRight":{"x":130.25,"y":239.02314108552866},"upperLeft":{"x":99.75,"y":209.02314108552866}},"dockers":[]},{"resourceId":"sid-3654E0D2-5F97-4691-8B2B-7C7485AD4D3D","properties":{"overrideid":"","name":"","documentation":"","conditionsequenceflow":"","executionlisteners":"","defaultflow":"false","skipexpression":""},"stencil":{"id":"SequenceFlow"},"childShapes":[],"outgoing":[{"resourceId":"sid-884A89F6-A8E1-46D0-93E0-75BC7B4F97ED"}],"bounds":{"lowerRight":{"x":194.330078125,"y":224.02314108552866},"upperLeft":{"x":130.44140625,"y":224.02314108552866}},"dockers":[{"x":15.5,"y":15},{"x":50,"y":39.99999999999997}],"target":{"resourceId":"sid-884A89F6-A8E1-46D0-93E0-75BC7B4F97ED"}},{"resourceId":"sid-884A89F6-A8E1-46D0-93E0-75BC7B4F97ED","properties":{"scriptformat":"groovy","scripttext":"out.println(\"Payment received to Broker\");","overrideid":"","name":"Payment to Broker","documentation":"","asynchronousdefinition":"false","exclusivedefinition":"false","executionlisteners":"","multiinstance_type":"None","multiinstance_variableaggregations":"","multiinstance_cardinality":"","multiinstance_collection":"","multiinstance_variable":"","multiinstance_condition":"","skipexpression":"","isforcompensation":"false","scriptautostorevariables":"false","type":"http://b3mn.org/stencilset/bpmn2.0#UserTask","usertaskassignment":"","formkeydefinition":"","formreference":"","formfieldvalidation":true,"duedatedefinition":"","prioritydefinition":"","formproperties":"","tasklisteners":"","categorydefinition":"","taskidvariablename":""},"stencil":{"id":"ScriptTask"},"childShapes":[],"outgoing":[{"resourceId":"sid-20DC02A0-F0D7-4FB9-AC18-C7C0CFEE591C"}],"bounds":{"lowerRight":{"x":295,"y":264.02314108552866},"upperLeft":{"x":195,"y":184.02314108552872}},"dockers":[]},{"resourceId":"sid-20DC02A0-F0D7-4FB9-AC18-C7C0CFEE591C","properties":{"overrideid":"","name":"","documentation":"","conditionsequenceflow":"","executionlisteners":"","defaultflow":"false","skipexpression":""},"stencil":{"id":"SequenceFlow"},"childShapes":[],"outgoing":[{"resourceId":"sid-0CD69F4B-69B9-47EE-A8EF-CF5A628EF4BE"}],"bounds":{"lowerRight":{"x":470,"y":224.02314108552872},"upperLeft":{"x":295.21875,"y":190.33564108552872}},"dockers":[{"x":50,"y":39.999999999999986},{"x":470,"y":224.02314108552872},{"x":50,"y":39.999999999999986}],"target":{"resourceId":"sid-0CD69F4B-69B9-47EE-A8EF-CF5A628EF4BE"}},{"resourceId":"sid-A5C5BBA8-5568-4939-8C5F-281CBFF3AE25","properties":{"overrideid":"wait_for_payment_confirmation","name":"Wait for payment confirmation","documentation":"","executionlisteners":"","messageref":"payment_received","messageexpression":""},"stencil":{"id":"CatchMessageEvent"},"childShapes":[],"outgoing":[{"resourceId":"sid-4A08CFC4-FD17-4883-B3C4-2DEAA350F0C7"}],"bounds":{"lowerRight":{"x":678.9999791604487,"y":165.0231410855287},"upperLeft":{"x":648.9999791604487,"y":135.0231410855287}},"dockers":[{"x":663.9999791604487,"y":150.0231410855287}]},{"resourceId":"sid-A7166F47-D67D-441E-A585-280C3698A399","properties":{"overrideid":"","name":"","documentation":"","conditionsequenceflow":"","executionlisteners":"","defaultflow":"false","skipexpression":"","showdiamondmarker":false},"stencil":{"id":"SequenceFlow"},"childShapes":[],"outgoing":[{"resourceId":"sid-A5C5BBA8-5568-4939-8C5F-281CBFF3AE25"}],"bounds":{"lowerRight":{"x":648.601543207134,"y":150.02314108552866},"upperLeft":{"x":520.2578072087076,"y":150.02314108552866}},"dockers":[{"x":50,"y":39.999999999999986},{"x":15,"y":14.999999999999998}],"target":{"resourceId":"sid-A5C5BBA8-5568-4939-8C5F-281CBFF3AE25"}},{"resourceId":"sid-BFF63158-C014-42AC-83BB-11E49A288A00","properties":{"scriptformat":"groovy","scripttext":"out.println(\"Ready to ship order!\");","overrideid":"","name":"Ship Order","documentation":"","asynchronousdefinition":"false","exclusivedefinition":"false","executionlisteners":"","multiinstance_type":"None","multiinstance_variableaggregations":"","multiinstance_cardinality":"","multiinstance_collection":"","multiinstance_variable":"","multiinstance_condition":"","skipexpression":"","isforcompensation":"false","scriptautostorevariables":"false","type":"http://b3mn.org/stencilset/bpmn2.0#UserTask","usertaskassignment":"","formkeydefinition":"","formreference":"","formfieldvalidation":true,"duedatedefinition":"","prioritydefinition":"","formproperties":"","tasklisteners":"","categorydefinition":"","taskidvariablename":""},"stencil":{"id":"ScriptTask"},"childShapes":[],"outgoing":[{"resourceId":"sid-626FFB6D-8853-45E6-8682-5B26A5B37953"},{"resourceId":"sid-0BD4715D-23A5-420B-A452-21593365837B"}],"bounds":{"lowerRight":{"x":847.9999791604487,"y":190.02314108552866},"upperLeft":{"x":747.9999791604487,"y":110.02314108552869}},"dockers":[]},{"resourceId":"sid-626FFB6D-8853-45E6-8682-5B26A5B37953","properties":{"overrideid":"","name":"","documentation":"","conditionsequenceflow":"","executionlisteners":"","defaultflow":"false","skipexpression":""},"stencil":{"id":"SequenceFlow"},"childShapes":[],"outgoing":[{"resourceId":"sid-AA3310A3-DD3C-4818-AC4E-6B82E82092D7"}],"bounds":{"lowerRight":{"x":929.3124980462921,"y":150.02314108552866},"upperLeft":{"x":848.0468611612354,"y":150.02314108552866}},"dockers":[{"x":50,"y":39.999999999999986},{"x":14,"y":14.000000000000002}],"target":{"resourceId":"sid-AA3310A3-DD3C-4818-AC4E-6B82E82092D7"}},{"resourceId":"sid-C4A8CA34-ADBA-45CA-A19A-3A2C3B687A2C","properties":{"overrideid":"","name":"","documentation":"","conditionsequenceflow":"","executionlisteners":"","defaultflow":"false","skipexpression":""},"stencil":{"id":"SequenceFlow"},"childShapes":[],"outgoing":[{"resourceId":"sid-9657A336-C895-453E-A00D-D9D2AF8D3596"}],"bounds":{"lowerRight":{"x":807.5198038189332,"y":254.7107957246766},"upperLeft":{"x":807.434208757075,"y":205.9622351282879}},"dockers":[{"x":15.18396232756325,"y":15.076520414159804},{"x":50,"y":40}],"target":{"resourceId":"sid-9657A336-C895-453E-A00D-D9D2AF8D3596"}},{"resourceId":"sid-C4FCB74D-7677-4249-AA85-7E61ABC9322F","properties":{"overrideid":"","name":"","documentation":"","conditionsequenceflow":"","executionlisteners":"","defaultflow":"false","skipexpression":"","showdiamondmarker":false},"stencil":{"id":"SequenceFlow"},"childShapes":[],"outgoing":[{"resourceId":"sid-AA3310A3-DD3C-4818-AC4E-6B82E82092D7"}],"bounds":{"lowerRight":{"x":944,"y":295},"upperLeft":{"x":858.0481274527192,"y":164.61472160876036}},"dockers":[{"x":99,"y":40},{"x":944,"y":295},{"x":14,"y":14.000000000000002}],"target":{"resourceId":"sid-AA3310A3-DD3C-4818-AC4E-6B82E82092D7"}},{"resourceId":"sid-9657A336-C895-453E-A00D-D9D2AF8D3596","properties":{"scriptformat":"groovy","scripttext":"println(\"Your order is cancelled!\");","overrideid":"","name":"Cancel Order","documentation":"","asynchronousdefinition":"false","exclusivedefinition":"false","executionlisteners":"","multiinstance_type":"None","multiinstance_variableaggregations":"","multiinstance_cardinality":"","multiinstance_collection":"","multiinstance_variable":"","multiinstance_condition":"","skipexpression":"","isforcompensation":"false","scriptautostorevariables":"false","type":"http://b3mn.org/stencilset/bpmn2.0#UserTask","usertaskassignment":"","formkeydefinition":"","formreference":"","formfieldvalidation":true,"duedatedefinition":"","prioritydefinition":"","formproperties":"","tasklisteners":"","categorydefinition":"","taskidvariablename":""},"stencil":{"id":"ScriptTask"},"childShapes":[],"outgoing":[{"resourceId":"sid-C4FCB74D-7677-4249-AA85-7E61ABC9322F"}],"bounds":{"lowerRight":{"x":857.3634670389612,"y":335},"upperLeft":{"x":757.3634670389612,"y":255}},"dockers":[]},{"resourceId":"sid-0BD4715D-23A5-420B-A452-21593365837B","properties":{"overrideid":"cancel_order","name":"","documentation":"","messageref":"shipping_cancelled","messageexpression":"","cancelactivity":true,"type":"http://b3mn.org/stencilset/bpmn2.0#BoundaryCancelEvent"},"stencil":{"id":"BoundaryMessageEvent"},"childShapes":[],"outgoing":[{"resourceId":"sid-C4A8CA34-ADBA-45CA-A19A-3A2C3B687A2C"}],"bounds":{"lowerRight":{"x":822.3634670389612,"y":205.1522640743177},"upperLeft":{"x":792.3634670389612,"y":175.1522640743177}},"dockers":[{"x":57.000020839551325,"y":70.00000649747909}]},{"resourceId":"sid-4A08CFC4-FD17-4883-B3C4-2DEAA350F0C7","properties":{"overrideid":"","name":"","documentation":"","conditionsequenceflow":"","executionlisteners":"","defaultflow":"false","skipexpression":""},"stencil":{"id":"SequenceFlow"},"childShapes":[],"outgoing":[{"resourceId":"sid-BFF63158-C014-42AC-83BB-11E49A288A00"}],"bounds":{"lowerRight":{"x":747.7968541604487,"y":150.02314108552866},"upperLeft":{"x":679.6562291604487,"y":150.02314108552866}},"dockers":[{"x":15,"y":14.999999999999998},{"x":50,"y":39.999999999999986}],"target":{"resourceId":"sid-BFF63158-C014-42AC-83BB-11E49A288A00"}}],"stencil":{"id":"BPMNDiagram"},"stencilset":{"namespace":"http://b3mn.org/stencilset/bpmn2.0#","url":"../editor/stencilsets/bpmn2.0/bpmn2.0.json"}}}