{"id":"2f3e7cda-e627-11ec-a571-2811a82f92d0","name":"Payment Process","key":"Payment_Process","description":"Payment Process","editorJson":{"modelId":"2f3e7cda-e627-11ec-a571-2811a82f92d0","bounds":{"lowerRight":{"x":1200,"y":1050},"upperLeft":{"x":0,"y":0}},"properties":{"process_id":"Payment_Process","name":"Payment Process","documentation":"Payment Process","process_author":"","process_version":"","process_namespace":"http://www.flowable.org/processdef","process_historylevel":"","isexecutable":true,"dataproperties":"","executionlisteners":"","eventlisteners":"","signaldefinitions":"[{\"id\":\"Payment_Received\",\"name\":\"Payment_Received\",\"scope\":\"global\",\"$$hashKey\":\"uiGrid-00FD\"},{\"id\":\"Init_Payment\",\"name\":\"Init_Payment\",\"scope\":\"global\",\"$$hashKey\":\"uiGrid-00FL\"}]","messagedefinitions":"","escalationdefinitions":"","process_potentialstarteruser":"","process_potentialstartergroup":"","iseagerexecutionfetch":"false"},"childShapes":[{"resourceId":"sid-1EDDB064-F12B-4FA3-A202-CE2E639E4BB8","properties":{"overrideid":"","name":"Start Payment Process","documentation":"","executionlisteners":"","signalref":"Init_Payment","signalexpression":"","interrupting":true,"type":"http://b3mn.org/stencilset/bpmn2.0#StartNoneEvent","initiator":"","formkeydefinition":"","formreference":"","formfieldvalidation":true,"formproperties":""},"stencil":{"id":"StartSignalEvent"},"childShapes":[],"outgoing":[{"resourceId":"sid-0C8E2E1F-C775-4551-AC05-1C713B0C07D9"}],"bounds":{"lowerRight":{"x":130,"y":193},"upperLeft":{"x":100,"y":163}},"dockers":[]},{"resourceId":"sid-0C8E2E1F-C775-4551-AC05-1C713B0C07D9","properties":{"overrideid":"","name":"","documentation":"","conditionsequenceflow":"","executionlisteners":"","defaultflow":"false","skipexpression":""},"stencil":{"id":"SequenceFlow"},"childShapes":[],"outgoing":[{"resourceId":"sid-04054F24-1762-4A1D-8B6E-E38E33F1CE23"}],"bounds":{"lowerRight":{"x":174.15625,"y":178},"upperLeft":{"x":130.609375,"y":178}},"dockers":[{"x":15,"y":15},{"x":50,"y":40}],"target":{"resourceId":"sid-04054F24-1762-4A1D-8B6E-E38E33F1CE23"}},{"resourceId":"sid-04054F24-1762-4A1D-8B6E-E38E33F1CE23","properties":{"scriptformat":"groovy","scripttext":"println(\"Payment Received\");","overrideid":"","name":"Payment Received","documentation":"","asynchronousdefinition":"false","exclusivedefinition":"false","executionlisteners":"","multiinstance_type":"None","multiinstance_variableaggregations":"","multiinstance_cardinality":"","multiinstance_collection":"","multiinstance_variable":"","multiinstance_condition":"","skipexpression":"","isforcompensation":"false","scriptautostorevariables":"false","type":"http://b3mn.org/stencilset/bpmn2.0#UserTask","usertaskassignment":"","formkeydefinition":"","formreference":"","formfieldvalidation":true,"duedatedefinition":"","prioritydefinition":"","formproperties":"","tasklisteners":"","categorydefinition":"","taskidvariablename":""},"stencil":{"id":"ScriptTask"},"childShapes":[],"outgoing":[{"resourceId":"sid-5F292DFD-B819-42AC-837D-AFB1C720AACD"}],"bounds":{"lowerRight":{"x":275,"y":218},"upperLeft":{"x":175,"y":138}},"dockers":[]},{"resourceId":"sid-901075DA-78F6-4594-B106-73D68407C1C8","properties":{"overrideid":"","name":"Throw signal back to parent process","documentation":"","executionlisteners":"","signalref":"Payment_Received","signalexpression":"","asynchronousdefinition":"false"},"stencil":{"id":"ThrowSignalEvent"},"childShapes":[],"outgoing":[{"resourceId":"sid-F992F83D-E97E-4DEA-AD4A-2617A9CD4639"}],"bounds":{"lowerRight":{"x":390.9999791604486,"y":193},"upperLeft":{"x":360.9999791604486,"y":163}},"dockers":[{"x":375.9999791604486,"y":178}]},{"resourceId":"sid-5F292DFD-B819-42AC-837D-AFB1C720AACD","properties":{"overrideid":"","name":"","documentation":"","conditionsequenceflow":"","executionlisteners":"","defaultflow":"false","skipexpression":""},"stencil":{"id":"SequenceFlow"},"childShapes":[],"outgoing":[{"resourceId":"sid-901075DA-78F6-4594-B106-73D68407C1C8"}],"bounds":{"lowerRight":{"x":360.8437311141566,"y":178},"upperLeft":{"x":275.5468681620222,"y":178}},"dockers":[{"x":50,"y":40},{"x":15,"y":15}],"target":{"resourceId":"sid-901075DA-78F6-4594-B106-73D68407C1C8"}},{"resourceId":"sid-BEBB1293-8401-4E0B-8D27-8DD0CBAA7199","properties":{"overrideid":"","name":"","documentation":"","executionlisteners":""},"stencil":{"id":"EndNoneEvent"},"childShapes":[],"outgoing":[],"bounds":{"lowerRight":{"x":493,"y":192},"upperLeft":{"x":465,"y":164}},"dockers":[]},{"resourceId":"sid-F992F83D-E97E-4DEA-AD4A-2617A9CD4639","properties":{"overrideid":"","name":"","documentation":"","conditionsequenceflow":"","executionlisteners":"","defaultflow":"false","skipexpression":""},"stencil":{"id":"SequenceFlow"},"childShapes":[],"outgoing":[{"resourceId":"sid-BEBB1293-8401-4E0B-8D27-8DD0CBAA7199"}],"bounds":{"lowerRight":{"x":464.3203097322471,"y":178},"upperLeft":{"x":391.48435709101057,"y":178}},"dockers":[{"x":15,"y":15},{"x":14,"y":14}],"target":{"resourceId":"sid-BEBB1293-8401-4E0B-8D27-8DD0CBAA7199"}}],"stencil":{"id":"BPMNDiagram"},"stencilset":{"namespace":"http://b3mn.org/stencilset/bpmn2.0#","url":"../editor/stencilsets/bpmn2.0/bpmn2.0.json"}}}