{"id":"8d0bb192-e0ec-11ec-bdc2-2811a82f92d0","name":"Receive Task","key":"Receive_Task","description":"Receive Task","editorJson":{"modelId":"8d0bb192-e0ec-11ec-bdc2-2811a82f92d0","bounds":{"lowerRight":{"x":1200,"y":1050},"upperLeft":{"x":0,"y":0}},"properties":{"process_id":"Receive_Task","name":"Receive Task","documentation":"Receive Task","process_author":"","process_version":"","process_namespace":"http://www.flowable.org/processdef","process_historylevel":"","isexecutable":true,"dataproperties":"","executionlisteners":"","eventlisteners":"","signaldefinitions":"","messagedefinitions":"","escalationdefinitions":"","process_potentialstarteruser":"","process_potentialstartergroup":"","iseagerexecutionfetch":"false"},"childShapes":[{"resourceId":"startEvent1","properties":{"overrideid":"","name":"","documentation":"","executionlisteners":"","initiator":"","formkeydefinition":"","formreference":"","formfieldvalidation":true,"formproperties":""},"stencil":{"id":"StartNoneEvent"},"childShapes":[],"outgoing":[{"resourceId":"sid-318E12A8-A544-42FC-9E7B-B12A758F43F3"}],"bounds":{"lowerRight":{"x":130,"y":193},"upperLeft":{"x":100,"y":163}},"dockers":[]},{"resourceId":"sid-444D0089-DC9B-4D0C-995F-47B62DD61366","properties":{"scriptformat":"groovy","scripttext":"execution.setVariable(\"patientName\",\"Sarika\");\nexecution.setVariable(\"appointmentDateTime\",\"01-06-2022 11:00:00 AM\");","overrideid":"","name":"Set patient appointment","documentation":"","asynchronousdefinition":"false","exclusivedefinition":"false","executionlisteners":"","multiinstance_type":"None","multiinstance_variableaggregations":"","multiinstance_cardinality":"","multiinstance_collection":"","multiinstance_variable":"","multiinstance_condition":"","skipexpression":"","isforcompensation":"false","scriptautostorevariables":"false"},"stencil":{"id":"ScriptTask"},"childShapes":[],"outgoing":[{"resourceId":"sid-0E3CC710-6912-4D0C-8FA9-BC1ABB766C3F"}],"bounds":{"lowerRight":{"x":302.9999791604486,"y":218},"upperLeft":{"x":202.99997916044862,"y":138}},"dockers":[]},{"resourceId":"sid-318E12A8-A544-42FC-9E7B-B12A758F43F3","properties":{"overrideid":"","name":"","documentation":"","conditionsequenceflow":"","executionlisteners":"","defaultflow":"false","skipexpression":""},"stencil":{"id":"SequenceFlow"},"childShapes":[],"outgoing":[{"resourceId":"sid-444D0089-DC9B-4D0C-995F-47B62DD61366"}],"bounds":{"lowerRight":{"x":202.4062366496624,"y":178},"upperLeft":{"x":130.01562288348305,"y":178}},"dockers":[{"x":15,"y":15},{"x":50,"y":40}],"target":{"resourceId":"sid-444D0089-DC9B-4D0C-995F-47B62DD61366"}},{"resourceId":"sid-0E3CC710-6912-4D0C-8FA9-BC1ABB766C3F","properties":{"overrideid":"","name":"","documentation":"","conditionsequenceflow":"","executionlisteners":"","defaultflow":"false","skipexpression":""},"stencil":{"id":"SequenceFlow"},"childShapes":[],"outgoing":[{"resourceId":"sid-82D09777-A0FB-4F83-8021-41C335288F5D"}],"bounds":{"lowerRight":{"x":359.9374934876402,"y":178},"upperLeft":{"x":303.06248567280846,"y":178}},"dockers":[{"x":50,"y":40},{"x":50,"y":40}],"target":{"resourceId":"sid-82D09777-A0FB-4F83-8021-41C335288F5D"}},{"resourceId":"sid-82D09777-A0FB-4F83-8021-41C335288F5D","properties":{"scriptformat":"groovy","scripttext":"println \"Dear ${patientName},  Your apppointment was scheduled on ${appointmentDateTime} for which we haven't receive any confirmation So it has been cancelled automatically by HMS\";","overrideid":"","name":"Send appointment book notification","documentation":"","asynchronousdefinition":"false","exclusivedefinition":"false","executionlisteners":"","multiinstance_type":"None","multiinstance_variableaggregations":"","multiinstance_cardinality":"","multiinstance_collection":"","multiinstance_variable":"","multiinstance_condition":"","skipexpression":"","isforcompensation":"false","scriptautostorevariables":"false","type":"http://b3mn.org/stencilset/bpmn2.0#UserTask","usertaskassignment":"","formkeydefinition":"","formreference":"","formfieldvalidation":true,"duedatedefinition":"","prioritydefinition":"","formproperties":"","tasklisteners":"","categorydefinition":"","taskidvariablename":""},"stencil":{"id":"ScriptTask"},"childShapes":[],"outgoing":[{"resourceId":"sid-0FA7AA23-6DC4-4141-909E-C198F1D52D76"}],"bounds":{"lowerRight":{"x":460,"y":218},"upperLeft":{"x":360,"y":138}},"dockers":[]},{"resourceId":"sid-F886CEAD-F436-440E-8BE7-74B137C74F7B","properties":{"overrideid":"wait_for_patient_confirmation","name":"Wait for patient confirmation","documentation":"","asynchronousdefinition":"false","exclusivedefinition":"false","executionlisteners":"","multiinstance_type":"None","multiinstance_variableaggregations":"","multiinstance_cardinality":"","multiinstance_collection":"","multiinstance_variable":"","multiinstance_condition":"","isforcompensation":"false"},"stencil":{"id":"ReceiveTask"},"childShapes":[],"outgoing":[{"resourceId":"sid-F470212C-8319-4363-B236-61C4EFB604F7"}],"bounds":{"lowerRight":{"x":636.9999791604487,"y":218},"upperLeft":{"x":536.9999791604487,"y":138}},"dockers":[]},{"resourceId":"sid-0FA7AA23-6DC4-4141-909E-C198F1D52D76","properties":{"overrideid":"","name":"","documentation":"","conditionsequenceflow":"","executionlisteners":"","defaultflow":"false","skipexpression":""},"stencil":{"id":"SequenceFlow"},"childShapes":[],"outgoing":[{"resourceId":"sid-F886CEAD-F436-440E-8BE7-74B137C74F7B"}],"bounds":{"lowerRight":{"x":536.2187350215725,"y":178},"upperLeft":{"x":460.7812441388762,"y":178}},"dockers":[{"x":50,"y":40},{"x":50,"y":40}],"target":{"resourceId":"sid-F886CEAD-F436-440E-8BE7-74B137C74F7B"}},{"resourceId":"sid-4BB6609D-7FAE-4936-A71F-5ABC3191EEF2","properties":{"overrideid":"","name":"","documentation":"","asynchronousdefinition":"false","exclusivedefinition":"false","sequencefloworder":""},"stencil":{"id":"ExclusiveGateway"},"childShapes":[],"outgoing":[{"resourceId":"sid-83A742D4-2AB5-42BD-8C97-46042085D384"},{"resourceId":"sid-E53CA45A-16BB-4334-942C-118B8A572ACE"}],"bounds":{"lowerRight":{"x":760,"y":198},"upperLeft":{"x":720,"y":158}},"dockers":[]},{"resourceId":"sid-F470212C-8319-4363-B236-61C4EFB604F7","properties":{"overrideid":"","name":"","documentation":"","conditionsequenceflow":"","executionlisteners":"","defaultflow":"false","skipexpression":""},"stencil":{"id":"SequenceFlow"},"childShapes":[],"outgoing":[{"resourceId":"sid-4BB6609D-7FAE-4936-A71F-5ABC3191EEF2"}],"bounds":{"lowerRight":{"x":719.8749973950561,"y":178},"upperLeft":{"x":637.0077983356174,"y":178}},"dockers":[{"x":50,"y":40},{"x":20,"y":20}],"target":{"resourceId":"sid-4BB6609D-7FAE-4936-A71F-5ABC3191EEF2"}},{"resourceId":"sid-BF9A450D-1B9D-415A-91F5-1BF5FCACB683","properties":{"scriptformat":"groovy","scripttext":"out.println(\"Appointment is Booked\");","overrideid":"","name":"Notify appointment acceptance","documentation":"","asynchronousdefinition":"false","exclusivedefinition":"false","executionlisteners":"","multiinstance_type":"None","multiinstance_variableaggregations":"","multiinstance_cardinality":"","multiinstance_collection":"","multiinstance_variable":"","multiinstance_condition":"","skipexpression":"","isforcompensation":"false","scriptautostorevariables":"false"},"stencil":{"id":"ScriptTask"},"childShapes":[],"outgoing":[{"resourceId":"sid-935D56FD-680A-49DA-8124-284F6516B7B2"}],"bounds":{"lowerRight":{"x":790,"y":80},"upperLeft":{"x":690,"y":0}},"dockers":[]},{"resourceId":"sid-3D23F39C-FFFF-42E3-841E-E341E332B81A","properties":{"scriptformat":"groovy","scripttext":"out.println(\"Appointment is Declined\");","overrideid":"","name":"Appointment cancellation notification","documentation":"","asynchronousdefinition":"false","exclusivedefinition":"false","executionlisteners":"","multiinstance_type":"None","multiinstance_variableaggregations":"","multiinstance_cardinality":"","multiinstance_collection":"","multiinstance_variable":"","multiinstance_condition":"","skipexpression":"","isforcompensation":"false","scriptautostorevariables":"false"},"stencil":{"id":"ScriptTask"},"childShapes":[],"outgoing":[{"resourceId":"sid-C8D9C4EF-03B2-452D-B08A-7DE286795435"}],"bounds":{"lowerRight":{"x":940,"y":217.99999999999997},"upperLeft":{"x":840,"y":138}},"dockers":[]},{"resourceId":"sid-2BBB0B80-C219-4912-8062-E8F70932D9FB","properties":{"overrideid":"","name":"","documentation":"","executionlisteners":""},"stencil":{"id":"EndNoneEvent"},"childShapes":[],"outgoing":[],"bounds":{"lowerRight":{"x":1048,"y":103},"upperLeft":{"x":1020,"y":75}},"dockers":[]},{"resourceId":"sid-C8D9C4EF-03B2-452D-B08A-7DE286795435","properties":{"overrideid":"","name":"","documentation":"","conditionsequenceflow":"","executionlisteners":"","defaultflow":"false","skipexpression":"","showdiamondmarker":false},"stencil":{"id":"SequenceFlow"},"childShapes":[],"outgoing":[{"resourceId":"sid-2BBB0B80-C219-4912-8062-E8F70932D9FB"}],"bounds":{"lowerRight":{"x":1034,"y":178},"upperLeft":{"x":940.7421875,"y":103.90625}},"dockers":[{"x":99,"y":40},{"x":1034,"y":178},{"x":14,"y":14}],"target":{"resourceId":"sid-2BBB0B80-C219-4912-8062-E8F70932D9FB"}},{"resourceId":"sid-935D56FD-680A-49DA-8124-284F6516B7B2","properties":{"overrideid":"","name":"","documentation":"","conditionsequenceflow":"","executionlisteners":"","defaultflow":"false","skipexpression":"","showdiamondmarker":false},"stencil":{"id":"SequenceFlow"},"childShapes":[],"outgoing":[{"resourceId":"sid-2BBB0B80-C219-4912-8062-E8F70932D9FB"}],"bounds":{"lowerRight":{"x":1034,"y":74.21875},"upperLeft":{"x":790.3828125,"y":40}},"dockers":[{"x":50,"y":40},{"x":1034,"y":40},{"x":14,"y":14}],"target":{"resourceId":"sid-2BBB0B80-C219-4912-8062-E8F70932D9FB"}},{"resourceId":"sid-E53CA45A-16BB-4334-942C-118B8A572ACE","properties":{"overrideid":"","name":"Accepted","documentation":"","conditionsequenceflow":{"expression":{"type":"static","staticValue":"${acceptanceStatus}"}},"executionlisteners":"","defaultflow":"false","skipexpression":""},"stencil":{"id":"SequenceFlow"},"childShapes":[],"outgoing":[{"resourceId":"sid-BF9A450D-1B9D-415A-91F5-1BF5FCACB683"}],"bounds":{"lowerRight":{"x":740.4260774152216,"y":158.02344401637728},"upperLeft":{"x":740.1461882097784,"y":80.49413410862272}},"dockers":[{"x":20.5,"y":20.5},{"x":50,"y":40}],"target":{"resourceId":"sid-BF9A450D-1B9D-415A-91F5-1BF5FCACB683"}},{"resourceId":"sid-83A742D4-2AB5-42BD-8C97-46042085D384","properties":{"overrideid":"","name":"Declined","documentation":"","conditionsequenceflow":{"expression":{"type":"static","staticValue":"${!acceptanceStatus}"}},"executionlisteners":"","defaultflow":"false","skipexpression":""},"stencil":{"id":"SequenceFlow"},"childShapes":[],"outgoing":[{"resourceId":"sid-3D23F39C-FFFF-42E3-841E-E341E332B81A"}],"bounds":{"lowerRight":{"x":839.9453180927317,"y":178.43415553709943},"upperLeft":{"x":760.1874944072683,"y":178.16740696290057}},"dockers":[{"x":20.5,"y":20.5},{"x":50,"y":39.999999999999986}],"target":{"resourceId":"sid-3D23F39C-FFFF-42E3-841E-E341E332B81A"}}],"stencil":{"id":"BPMNDiagram"},"stencilset":{"namespace":"http://b3mn.org/stencilset/bpmn2.0#","url":"../editor/stencilsets/bpmn2.0/bpmn2.0.json"}}}