{"id":"ac8f433a-e643-11ec-80a5-2811a82f92d0","name":"Task Event Listener","key":"Task_Event_Listener","description":"Task Event Listener","editorJson":{"modelId":"ac8f433a-e643-11ec-80a5-2811a82f92d0","bounds":{"lowerRight":{"x":1200,"y":1050},"upperLeft":{"x":0,"y":0}},"properties":{"process_id":"Task_Event_Listener","name":"Task Event Listener","documentation":"Task Event Listener","process_author":"","process_version":"","process_namespace":"http://www.flowable.org/processdef","process_historylevel":"","isexecutable":true,"dataproperties":"","executionlisteners":"","eventlisteners":"","signaldefinitions":"","messagedefinitions":"","escalationdefinitions":"","process_potentialstarteruser":"","process_potentialstartergroup":"","iseagerexecutionfetch":"false"},"childShapes":[{"resourceId":"startEvent1","properties":{"overrideid":"","name":"","documentation":"","executionlisteners":"","initiator":"","formkeydefinition":"","formreference":"","formfieldvalidation":true,"formproperties":""},"stencil":{"id":"StartNoneEvent"},"childShapes":[],"outgoing":[{"resourceId":"sid-8E77B478-9E15-491A-A970-438119ACB773"}],"bounds":{"lowerRight":{"x":130,"y":193},"upperLeft":{"x":100,"y":163}},"dockers":[]},{"resourceId":"sid-221DBDA5-AE22-4761-A86E-77021EF36F25","properties":{"overrideid":"","name":"User Task","documentation":"","asynchronousdefinition":"false","exclusivedefinition":"false","executionlisteners":"","multiinstance_type":"None","multiinstance_variableaggregations":"","multiinstance_cardinality":"","multiinstance_collection":"","multiinstance_variable":"","multiinstance_condition":"","isforcompensation":"false","usertaskassignment":{"assignment":{"type":"static","assignee":"admin"}},"formkeydefinition":"","formreference":{"id":"8bfd4664-e33b-11ec-ba6d-2811a82f92d0","name":"Payment Form","key":"Payment_Form"},"formfieldvalidation":true,"duedatedefinition":"","prioritydefinition":"","formproperties":"","tasklisteners":{"taskListeners":[{"event":"create","implementation":"org.flowable.training.TaskEventListener","className":"org.flowable.training.TaskEventListener","expression":"","delegateExpression":"","$$hashKey":"uiGrid-0059","fields":[]},{"event":"assignment","implementation":"org.flowable.training.TaskEventListener","className":"org.flowable.training.TaskEventListener","expression":"","delegateExpression":"","$$hashKey":"uiGrid-005F","fields":[]},{"event":"complete","implementation":"org.flowable.training.TaskEventListener","className":"org.flowable.training.TaskEventListener","expression":"","delegateExpression":"","$$hashKey":"uiGrid-005L","fields":[]},{"event":"delete","implementation":"org.flowable.training.TaskEventListener","className":"org.flowable.training.TaskEventListener","expression":"","delegateExpression":"","$$hashKey":"uiGrid-005R","fields":[]}]},"skipexpression":"","categorydefinition":"","taskidvariablename":""},"stencil":{"id":"UserTask"},"childShapes":[],"outgoing":[{"resourceId":"sid-F96D487B-A49C-4BBF-B07F-33F1F8EDE40E"}],"bounds":{"lowerRight":{"x":275,"y":218},"upperLeft":{"x":175,"y":138}},"dockers":[]},{"resourceId":"sid-8E77B478-9E15-491A-A970-438119ACB773","properties":{"overrideid":"","name":"","documentation":"","conditionsequenceflow":"","executionlisteners":"","defaultflow":"false","skipexpression":""},"stencil":{"id":"SequenceFlow"},"childShapes":[],"outgoing":[{"resourceId":"sid-221DBDA5-AE22-4761-A86E-77021EF36F25"}],"bounds":{"lowerRight":{"x":174.15625,"y":178},"upperLeft":{"x":130.609375,"y":178}},"dockers":[{"x":15,"y":15},{"x":50,"y":40}],"target":{"resourceId":"sid-221DBDA5-AE22-4761-A86E-77021EF36F25"}},{"resourceId":"sid-A3A10694-48CF-49F3-89EE-93B5C95560B1","properties":{"overrideid":"","name":"","documentation":"","executionlisteners":""},"stencil":{"id":"EndNoneEvent"},"childShapes":[],"outgoing":[],"bounds":{"lowerRight":{"x":348,"y":192},"upperLeft":{"x":320,"y":164}},"dockers":[]},{"resourceId":"sid-F96D487B-A49C-4BBF-B07F-33F1F8EDE40E","properties":{"overrideid":"","name":"","documentation":"","conditionsequenceflow":"","executionlisteners":"","defaultflow":"false","skipexpression":""},"stencil":{"id":"SequenceFlow"},"childShapes":[],"outgoing":[{"resourceId":"sid-A3A10694-48CF-49F3-89EE-93B5C95560B1"}],"bounds":{"lowerRight":{"x":319.375,"y":178},"upperLeft":{"x":275.390625,"y":178}},"dockers":[{"x":50,"y":40},{"x":14,"y":14}],"target":{"resourceId":"sid-A3A10694-48CF-49F3-89EE-93B5C95560B1"}}],"stencil":{"id":"BPMNDiagram"},"stencilset":{"namespace":"http://b3mn.org/stencilset/bpmn2.0#","url":"../editor/stencilsets/bpmn2.0/bpmn2.0.json"}}}