{"id":"2a65d9aa-e031-11ec-a1b5-2811a82f92d0","name":"Service Task","key":"training_process","description":"Service Task","editorJson":{"modelId":"2a65d9aa-e031-11ec-a1b5-2811a82f92d0","bounds":{"lowerRight":{"x":1200,"y":1050},"upperLeft":{"x":0,"y":0}},"properties":{"process_id":"training_process","name":"Service Task","documentation":"Service Task","process_author":"","process_version":"","process_namespace":"http://www.flowable.org/processdef","process_historylevel":"","isexecutable":true,"dataproperties":"","executionlisteners":"","eventlisteners":"","signaldefinitions":"","messagedefinitions":"","escalationdefinitions":"","process_potentialstarteruser":"","process_potentialstartergroup":"","iseagerexecutionfetch":"false"},"childShapes":[{"resourceId":"startEvent1","properties":{"overrideid":"","name":"","documentation":"","executionlisteners":"","initiator":"","formkeydefinition":"","formreference":"","formfieldvalidation":true,"formproperties":""},"stencil":{"id":"StartNoneEvent"},"childShapes":[],"outgoing":[{"resourceId":"sid-C675F396-E0A0-4E1B-8895-F8CF2582B60B"}],"bounds":{"lowerRight":{"x":300,"y":193},"upperLeft":{"x":270,"y":163}},"dockers":[]},{"resourceId":"sid-3E54AB28-EE6C-49D3-B58B-9F03720AC397","properties":{"overrideid":"","name":"Decide Loan Interest","documentation":"","asynchronousdefinition":"false","exclusivedefinition":"false","servicetasktriggerable":"false","executionlisteners":"","multiinstance_type":"None","multiinstance_variableaggregations":"","multiinstance_cardinality":"","multiinstance_collection":"","multiinstance_variable":"","multiinstance_condition":"","isforcompensation":"false","servicetaskclass":"org.flowable.training.LoanApprovalService","servicetaskexpression":"","servicetaskdelegateexpression":"","servicetaskfields":"","servicetaskexceptions":"","servicetaskresultvariable":"","servicetaskuselocalscopeforresultvariable":"false","skipexpression":"","servicetaskfailedjobretrytimecycle":"","servicetaskstoreresultvariabletransient":"false"},"stencil":{"id":"ServiceTask"},"childShapes":[],"outgoing":[{"resourceId":"sid-EC3BEA22-D5CD-4BC9-B457-B8E2E1FAA404"}],"bounds":{"lowerRight":{"x":490,"y":218},"upperLeft":{"x":390,"y":138}},"dockers":[]},{"resourceId":"sid-077DE401-C8E1-4EB6-B365-AFF6DEEF52CC","properties":{"overrideid":"","name":"","documentation":"","executionlisteners":""},"stencil":{"id":"EndNoneEvent"},"childShapes":[],"outgoing":[],"bounds":{"lowerRight":{"x":808,"y":192},"upperLeft":{"x":780,"y":164}},"dockers":[]},{"resourceId":"sid-C675F396-E0A0-4E1B-8895-F8CF2582B60B","properties":{"overrideid":"","name":"","documentation":"","conditionsequenceflow":"","executionlisteners":"","defaultflow":"false","skipexpression":"","showdiamondmarker":false},"stencil":{"id":"SequenceFlow"},"childShapes":[],"outgoing":[{"resourceId":"sid-3E54AB28-EE6C-49D3-B58B-9F03720AC397"}],"bounds":{"lowerRight":{"x":389.3515625,"y":178},"upperLeft":{"x":300.53125,"y":178}},"dockers":[{"x":15,"y":15},{"x":50,"y":40}],"target":{"resourceId":"sid-3E54AB28-EE6C-49D3-B58B-9F03720AC397"}},{"resourceId":"sid-19E2645F-85C6-4523-8DB0-A3EE08A15BC1","properties":{"scriptformat":"groovy","scripttext":"println \"Script Variables\";\nprintln(\"First Name : ${firstName}\");\nprintln(\"Last Name : ${lastName}\");\nprintln(\"Loan Amount : ${loanAmount}\");\nprintln(\"Loan Interest : ${loanInterest}\");\nprintln(\"Is Loan Approved : ${isLoanApproved}\");","overrideid":"","name":"Print Loan Variables","documentation":"","asynchronousdefinition":"false","exclusivedefinition":"false","executionlisteners":"","multiinstance_type":"None","multiinstance_variableaggregations":"","multiinstance_cardinality":"","multiinstance_collection":"","multiinstance_variable":"","multiinstance_condition":"","skipexpression":"","isforcompensation":"false","scriptautostorevariables":"false"},"stencil":{"id":"ScriptTask"},"childShapes":[],"outgoing":[{"resourceId":"sid-760FBF21-E31D-436E-9E2D-7AB504D2ACA5"}],"bounds":{"lowerRight":{"x":655,"y":218},"upperLeft":{"x":555,"y":138}},"dockers":[]},{"resourceId":"sid-760FBF21-E31D-436E-9E2D-7AB504D2ACA5","properties":{"overrideid":"","name":"","documentation":"","conditionsequenceflow":"","executionlisteners":"","defaultflow":"false","skipexpression":""},"stencil":{"id":"SequenceFlow"},"childShapes":[],"outgoing":[{"resourceId":"sid-077DE401-C8E1-4EB6-B365-AFF6DEEF52CC"}],"bounds":{"lowerRight":{"x":779.7109375,"y":178},"upperLeft":{"x":655.46484375,"y":178}},"dockers":[{"x":50,"y":40},{"x":14,"y":14}],"target":{"resourceId":"sid-077DE401-C8E1-4EB6-B365-AFF6DEEF52CC"}},{"resourceId":"sid-EC3BEA22-D5CD-4BC9-B457-B8E2E1FAA404","properties":{"overrideid":"","name":"","documentation":"","conditionsequenceflow":"","executionlisteners":"","defaultflow":"false","skipexpression":""},"stencil":{"id":"SequenceFlow"},"childShapes":[],"outgoing":[{"resourceId":"sid-19E2645F-85C6-4523-8DB0-A3EE08A15BC1"}],"bounds":{"lowerRight":{"x":554.37109375,"y":178},"upperLeft":{"x":490.62890625,"y":178}},"dockers":[{"x":50,"y":40},{"x":50,"y":40}],"target":{"resourceId":"sid-19E2645F-85C6-4523-8DB0-A3EE08A15BC1"}}],"stencil":{"id":"BPMNDiagram"},"stencilset":{"namespace":"http://b3mn.org/stencilset/bpmn2.0#","url":"../editor/stencilsets/bpmn2.0/bpmn2.0.json"},"name":"Service Task","key":"training_process"}}