{"id":"9157d919-e623-11ec-a571-2811a82f92d0","name":"Trigger Signal Event","key":"Trigger_Signal_Event","description":"Signal Event Process","editorJson":{"modelId":"9157d919-e623-11ec-a571-2811a82f92d0","bounds":{"lowerRight":{"x":1200,"y":1050},"upperLeft":{"x":0,"y":0}},"properties":{"process_id":"Trigger_Signal_Event","name":"Trigger Signal Event","documentation":"Signal Event Process","process_author":"","process_version":"","process_namespace":"http://www.flowable.org/processdef","process_historylevel":"","isexecutable":true,"dataproperties":"","executionlisteners":"","eventlisteners":"","signaldefinitions":"[{\"id\":\"Payment_Received\",\"name\":\"Payment_Received\",\"scope\":\"global\",\"$$hashKey\":\"uiGrid-000O\"},{\"id\":\"Init_Payment\",\"name\":\"Init_Payment\",\"scope\":\"global\",\"$$hashKey\":\"uiGrid-000Q\"}]","messagedefinitions":"","escalationdefinitions":"","process_potentialstarteruser":"","process_potentialstartergroup":"","iseagerexecutionfetch":"false"},"childShapes":[{"resourceId":"startEvent1","properties":{"overrideid":"","name":"","documentation":"","executionlisteners":"","initiator":"","formkeydefinition":"","formreference":"","formfieldvalidation":true,"formproperties":""},"stencil":{"id":"StartNoneEvent"},"childShapes":[],"outgoing":[{"resourceId":"sid-E6DCD89D-9C40-4F6E-9FCC-44A3492BE4A5"}],"bounds":{"lowerRight":{"x":130,"y":193},"upperLeft":{"x":100,"y":163}},"dockers":[]},{"resourceId":"sid-E6DCD89D-9C40-4F6E-9FCC-44A3492BE4A5","properties":{"overrideid":"","name":"","documentation":"","conditionsequenceflow":"","executionlisteners":"","defaultflow":"false","skipexpression":""},"stencil":{"id":"SequenceFlow"},"childShapes":[],"outgoing":[{"resourceId":"sid-82742DD5-C15F-4520-9EF0-FC6A30102A91"}],"bounds":{"lowerRight":{"x":224.48828125,"y":178},"upperLeft":{"x":130.6484375,"y":175}},"dockers":[{"x":15,"y":15},{"x":177.5,"y":178},{"x":177.5,"y":175},{"x":50,"y":40}],"target":{"resourceId":"sid-82742DD5-C15F-4520-9EF0-FC6A30102A91"}},{"resourceId":"sid-82742DD5-C15F-4520-9EF0-FC6A30102A91","properties":{"scriptformat":"groovy","scripttext":"out.println(\"Signal Event Script Started\");","overrideid":"","name":"Signal event started","documentation":"","asynchronousdefinition":"false","exclusivedefinition":"false","executionlisteners":"","multiinstance_type":"None","multiinstance_variableaggregations":"","multiinstance_cardinality":"","multiinstance_collection":"","multiinstance_variable":"","multiinstance_condition":"","skipexpression":"","isforcompensation":"false","scriptautostorevariables":"false","type":"http://b3mn.org/stencilset/bpmn2.0#UserTask","usertaskassignment":"","formkeydefinition":"","formreference":"","formfieldvalidation":true,"duedatedefinition":"","prioritydefinition":"","formproperties":"","tasklisteners":"","categorydefinition":"","taskidvariablename":""},"stencil":{"id":"ScriptTask"},"childShapes":[],"outgoing":[{"resourceId":"sid-750EB343-EDFC-4B18-9C7E-1C951EF4CC61"}],"bounds":{"lowerRight":{"x":325,"y":215},"upperLeft":{"x":225,"y":135}},"dockers":[]},{"resourceId":"sid-A74ACDA7-DC57-4B8D-BD09-2D34C803E3E1","properties":{"overrideid":"","name":"Init Payment","documentation":"","executionlisteners":"","signalref":"Init_Payment","signalexpression":"","asynchronousdefinition":"false"},"stencil":{"id":"ThrowSignalEvent"},"childShapes":[],"outgoing":[{"resourceId":"sid-478F4CA4-697C-4A5E-B3F3-753D9E6EA872"}],"bounds":{"lowerRight":{"x":450,"y":193},"upperLeft":{"x":420,"y":163}},"dockers":[{"x":435,"y":178}]},{"resourceId":"sid-750EB343-EDFC-4B18-9C7E-1C951EF4CC61","properties":{"overrideid":"","name":"","documentation":"","conditionsequenceflow":"","executionlisteners":"","defaultflow":"false","skipexpression":""},"stencil":{"id":"SequenceFlow"},"childShapes":[],"outgoing":[{"resourceId":"sid-A74ACDA7-DC57-4B8D-BD09-2D34C803E3E1"}],"bounds":{"lowerRight":{"x":419.3515625,"y":178},"upperLeft":{"x":325.51171875,"y":175}},"dockers":[{"x":50,"y":40},{"x":372.5,"y":175},{"x":372.5,"y":178},{"x":15,"y":15}],"target":{"resourceId":"sid-A74ACDA7-DC57-4B8D-BD09-2D34C803E3E1"}},{"resourceId":"sid-142FF4B2-87F1-468A-8194-F740CF4FA494","properties":{"overrideid":"","name":"","documentation":"","executionlisteners":""},"stencil":{"id":"EndNoneEvent"},"childShapes":[],"outgoing":[],"bounds":{"lowerRight":{"x":943,"y":192},"upperLeft":{"x":915,"y":164}},"dockers":[]},{"resourceId":"sid-8979B32E-0D7A-42CA-8958-E38C8EE0BD5B","properties":{"overrideid":"","name":"","documentation":"","conditionsequenceflow":"","executionlisteners":"","defaultflow":"false","skipexpression":""},"stencil":{"id":"SequenceFlow"},"childShapes":[],"outgoing":[{"resourceId":"sid-142FF4B2-87F1-468A-8194-F740CF4FA494"}],"bounds":{"lowerRight":{"x":914.8984375,"y":178},"upperLeft":{"x":850.3828125,"y":178}},"dockers":[{"x":50,"y":40},{"x":14,"y":14}],"target":{"resourceId":"sid-142FF4B2-87F1-468A-8194-F740CF4FA494"}},{"resourceId":"sid-5298E785-8DD3-43A9-977A-2E53AED4EF78","properties":{"scriptformat":"groovy","scripttext":"out.println(\"Signal event sent\");","overrideid":"","name":"Signal event sent","documentation":"","asynchronousdefinition":"false","exclusivedefinition":"false","executionlisteners":"","multiinstance_type":"None","multiinstance_variableaggregations":"","multiinstance_cardinality":"","multiinstance_collection":"","multiinstance_variable":"","multiinstance_condition":"","skipexpression":"","isforcompensation":"false","scriptautostorevariables":"false","type":"http://b3mn.org/stencilset/bpmn2.0#UserTask","usertaskassignment":"","formkeydefinition":"","formreference":"","formfieldvalidation":true,"duedatedefinition":"","prioritydefinition":"","formproperties":"","tasklisteners":"","categorydefinition":"","taskidvariablename":""},"stencil":{"id":"ScriptTask"},"childShapes":[],"outgoing":[{"resourceId":"sid-8979B32E-0D7A-42CA-8958-E38C8EE0BD5B"}],"bounds":{"lowerRight":{"x":850,"y":218},"upperLeft":{"x":750,"y":138}},"dockers":[]},{"resourceId":"sid-424E4BC8-8B2B-4893-B6DF-BA9AD185195A","properties":{"overrideid":"","name":"Payment Received","documentation":"","executionlisteners":"","signalref":"Payment_Received","signalexpression":""},"stencil":{"id":"CatchSignalEvent"},"childShapes":[],"outgoing":[{"resourceId":"sid-BC446BFD-D6DD-4483-A7E6-4AE326F1800D"}],"bounds":{"lowerRight":{"x":617.9999791604487,"y":193},"upperLeft":{"x":587.9999791604487,"y":163}},"dockers":[{"x":602.9999791604487,"y":178}]},{"resourceId":"sid-478F4CA4-697C-4A5E-B3F3-753D9E6EA872","properties":{"overrideid":"","name":"","documentation":"","conditionsequenceflow":"","executionlisteners":"","defaultflow":"false","skipexpression":""},"stencil":{"id":"SequenceFlow"},"childShapes":[],"outgoing":[{"resourceId":"sid-424E4BC8-8B2B-4893-B6DF-BA9AD185195A"}],"bounds":{"lowerRight":{"x":587.5624809513475,"y":178},"upperLeft":{"x":450.437498209101,"y":178}},"dockers":[{"x":15,"y":15},{"x":15,"y":15}],"target":{"resourceId":"sid-424E4BC8-8B2B-4893-B6DF-BA9AD185195A"}},{"resourceId":"sid-BC446BFD-D6DD-4483-A7E6-4AE326F1800D","properties":{"overrideid":"","name":"","documentation":"","conditionsequenceflow":"","executionlisteners":"","defaultflow":"false","skipexpression":""},"stencil":{"id":"SequenceFlow"},"childShapes":[],"outgoing":[{"resourceId":"sid-5298E785-8DD3-43A9-977A-2E53AED4EF78"}],"bounds":{"lowerRight":{"x":749.7499947901122,"y":178},"upperLeft":{"x":618.621074457134,"y":178}},"dockers":[{"x":15,"y":15},{"x":50,"y":40}],"target":{"resourceId":"sid-5298E785-8DD3-43A9-977A-2E53AED4EF78"}}],"stencil":{"id":"BPMNDiagram"},"stencilset":{"namespace":"http://b3mn.org/stencilset/bpmn2.0#","url":"../editor/stencilsets/bpmn2.0/bpmn2.0.json"}}}