{"id":"31938f92-fdb3-11ec-9fcf-2811a82f92d0","name":"Evaluate Loan Eligibility","key":"decision3","description":null,"editorJson":{"id":"definition_decision3","key":"decision3","name":"Evaluate Loan Eligibility","modelVersion":"3","description":null,"hitIndicator":"UNIQUE","inputExpressions":[{"id":"inputExpression_804e70bd-11fd-4bf2-a17b-18b0aff8fe1a","type":"string","label":"Pre Approval State","variableId":"preApprovalState","entries":["APPROVED","DECLINED","REVIEW"]},{"id":"inputExpression_f903b13f-ba19-499b-99cc-3e21fb0e0a47","type":"string","label":"Credit Rating","variableId":"creditRating","entries":["EXCELLENT","FAIR","BAD"]}],"outputExpressions":[{"id":"outputExpression_ac17bcfb-474f-487d-a4a4-7fcc2526b0fc","type":"string","label":"Approval State","variableId":"approvalState","entries":["APPROVED","DECLINED","REVIEW"]}],"rules":[{"inputExpression_804e70bd-11fd-4bf2-a17b-18b0aff8fe1a_operator":"==","inputExpression_804e70bd-11fd-4bf2-a17b-18b0aff8fe1a_expression":"DECLINED","inputExpression_f903b13f-ba19-499b-99cc-3e21fb0e0a47_operator":"==","inputExpression_f903b13f-ba19-499b-99cc-3e21fb0e0a47_expression":"EXCELLENT","outputExpression_ac17bcfb-474f-487d-a4a4-7fcc2526b0fc":"\"REVIEW\""},{"inputExpression_804e70bd-11fd-4bf2-a17b-18b0aff8fe1a_operator":"==","inputExpression_804e70bd-11fd-4bf2-a17b-18b0aff8fe1a_expression":"DECLINED","inputExpression_f903b13f-ba19-499b-99cc-3e21fb0e0a47_operator":"!=","inputExpression_f903b13f-ba19-499b-99cc-3e21fb0e0a47_expression":"EXCELLENT","outputExpression_ac17bcfb-474f-487d-a4a4-7fcc2526b0fc":"\"DECLINED\""},{"inputExpression_804e70bd-11fd-4bf2-a17b-18b0aff8fe1a_operator":"==","inputExpression_804e70bd-11fd-4bf2-a17b-18b0aff8fe1a_expression":"REVIEW","inputExpression_f903b13f-ba19-499b-99cc-3e21fb0e0a47_operator":"==","inputExpression_f903b13f-ba19-499b-99cc-3e21fb0e0a47_expression":"FAIR","outputExpression_ac17bcfb-474f-487d-a4a4-7fcc2526b0fc":"\"APPROVED\""},{"inputExpression_804e70bd-11fd-4bf2-a17b-18b0aff8fe1a_operator":"==","inputExpression_804e70bd-11fd-4bf2-a17b-18b0aff8fe1a_expression":"REVIEW","inputExpression_f903b13f-ba19-499b-99cc-3e21fb0e0a47_operator":"!=","inputExpression_f903b13f-ba19-499b-99cc-3e21fb0e0a47_expression":"FAIR","outputExpression_ac17bcfb-474f-487d-a4a4-7fcc2526b0fc":"\"REVIEW\""},{"inputExpression_804e70bd-11fd-4bf2-a17b-18b0aff8fe1a_operator":"==","inputExpression_804e70bd-11fd-4bf2-a17b-18b0aff8fe1a_expression":"APPROVED","inputExpression_f903b13f-ba19-499b-99cc-3e21fb0e0a47_operator":"==","inputExpression_f903b13f-ba19-499b-99cc-3e21fb0e0a47_expression":"BAD","outputExpression_ac17bcfb-474f-487d-a4a4-7fcc2526b0fc":"\"REVIEW\""},{"inputExpression_804e70bd-11fd-4bf2-a17b-18b0aff8fe1a_operator":"==","inputExpression_804e70bd-11fd-4bf2-a17b-18b0aff8fe1a_expression":"APPROVED","inputExpression_f903b13f-ba19-499b-99cc-3e21fb0e0a47_operator":"!=","inputExpression_f903b13f-ba19-499b-99cc-3e21fb0e0a47_expression":"BAD","outputExpression_ac17bcfb-474f-487d-a4a4-7fcc2526b0fc":"\"APPROVED\""}]}}