{"id":"3191bad1-fdb3-11ec-9fcf-2811a82f92d0","name":"Evaluate Loan Request","key":"decision1","description":null,"editorJson":{"id":"definition_decision1","key":"decision1","name":"Evaluate Loan Request","modelVersion":"3","description":null,"hitIndicator":"FIRST","inputExpressions":[{"id":"inputExpression_eec14f5f-db6a-4a30-bbc1-b9e6529d3ba9","type":"number","label":"Age","variableId":"age"},{"id":"inputExpression_129085f8-5e1f-4aef-8358-1ec57280e3ab","type":"number","label":"Amount","variableId":"amount"},{"id":"inputExpression_11480c2a-0dc4-4f9a-9b24-a0f9601d0314","type":"string","label":"Country","variableId":"country"}],"outputExpressions":[{"id":"outputExpression_ee027c92-6785-41e3-88a4-78fc36ff7e5e","type":"string","label":"Pre Approval State","variableId":"preApprovalState","entries":["APPROVED","DECLINED","REVIEW"]}],"rules":[{"inputExpression_eec14f5f-db6a-4a30-bbc1-b9e6529d3ba9_operator":">=","inputExpression_eec14f5f-db6a-4a30-bbc1-b9e6529d3ba9_expression":"18","inputExpression_129085f8-5e1f-4aef-8358-1ec57280e3ab_operator":"<","inputExpression_129085f8-5e1f-4aef-8358-1ec57280e3ab_expression":"100000","inputExpression_11480c2a-0dc4-4f9a-9b24-a0f9601d0314_operator":"IS IN","inputExpression_11480c2a-0dc4-4f9a-9b24-a0f9601d0314_expression":"\"CH\",\"NL\"","outputExpression_ee027c92-6785-41e3-88a4-78fc36ff7e5e":"\"REVIEW\""},{"inputExpression_eec14f5f-db6a-4a30-bbc1-b9e6529d3ba9_operator":">=","inputExpression_eec14f5f-db6a-4a30-bbc1-b9e6529d3ba9_expression":"70","inputExpression_129085f8-5e1f-4aef-8358-1ec57280e3ab_operator":">=","inputExpression_129085f8-5e1f-4aef-8358-1ec57280e3ab_expression":"500000","inputExpression_11480c2a-0dc4-4f9a-9b24-a0f9601d0314_operator":null,"inputExpression_11480c2a-0dc4-4f9a-9b24-a0f9601d0314_expression":"-","outputExpression_ee027c92-6785-41e3-88a4-78fc36ff7e5e":"\"REVIEW\""},{"inputExpression_eec14f5f-db6a-4a30-bbc1-b9e6529d3ba9_operator":">=","inputExpression_eec14f5f-db6a-4a30-bbc1-b9e6529d3ba9_expression":"25","inputExpression_129085f8-5e1f-4aef-8358-1ec57280e3ab_operator":"<","inputExpression_129085f8-5e1f-4aef-8358-1ec57280e3ab_expression":"200000","inputExpression_11480c2a-0dc4-4f9a-9b24-a0f9601d0314_operator":"IS IN","inputExpression_11480c2a-0dc4-4f9a-9b24-a0f9601d0314_expression":"\"CH\",\"NL\"","outputExpression_ee027c92-6785-41e3-88a4-78fc36ff7e5e":"\"REVIEW\""},{"inputExpression_eec14f5f-db6a-4a30-bbc1-b9e6529d3ba9_operator":">=","inputExpression_eec14f5f-db6a-4a30-bbc1-b9e6529d3ba9_expression":"35","inputExpression_129085f8-5e1f-4aef-8358-1ec57280e3ab_operator":"<","inputExpression_129085f8-5e1f-4aef-8358-1ec57280e3ab_expression":"300000","inputExpression_11480c2a-0dc4-4f9a-9b24-a0f9601d0314_operator":"IS IN","inputExpression_11480c2a-0dc4-4f9a-9b24-a0f9601d0314_expression":"\"CH\",\"NL\"","outputExpression_ee027c92-6785-41e3-88a4-78fc36ff7e5e":"\"REVIEW\""},{"inputExpression_eec14f5f-db6a-4a30-bbc1-b9e6529d3ba9_operator":">=","inputExpression_eec14f5f-db6a-4a30-bbc1-b9e6529d3ba9_expression":"18","inputExpression_129085f8-5e1f-4aef-8358-1ec57280e3ab_operator":null,"inputExpression_129085f8-5e1f-4aef-8358-1ec57280e3ab_expression":"-","inputExpression_11480c2a-0dc4-4f9a-9b24-a0f9601d0314_operator":null,"inputExpression_11480c2a-0dc4-4f9a-9b24-a0f9601d0314_expression":"-","outputExpression_ee027c92-6785-41e3-88a4-78fc36ff7e5e":"\"DECLINED\""},{"inputExpression_eec14f5f-db6a-4a30-bbc1-b9e6529d3ba9_operator":">=","inputExpression_eec14f5f-db6a-4a30-bbc1-b9e6529d3ba9_expression":"18","inputExpression_129085f8-5e1f-4aef-8358-1ec57280e3ab_operator":">=","inputExpression_129085f8-5e1f-4aef-8358-1ec57280e3ab_expression":"100000","inputExpression_11480c2a-0dc4-4f9a-9b24-a0f9601d0314_operator":null,"inputExpression_11480c2a-0dc4-4f9a-9b24-a0f9601d0314_expression":"-","outputExpression_ee027c92-6785-41e3-88a4-78fc36ff7e5e":"\"DECLINED\""},{"inputExpression_eec14f5f-db6a-4a30-bbc1-b9e6529d3ba9_operator":">=","inputExpression_eec14f5f-db6a-4a30-bbc1-b9e6529d3ba9_expression":"25","inputExpression_129085f8-5e1f-4aef-8358-1ec57280e3ab_operator":">=","inputExpression_129085f8-5e1f-4aef-8358-1ec57280e3ab_expression":"200000","inputExpression_11480c2a-0dc4-4f9a-9b24-a0f9601d0314_operator":null,"inputExpression_11480c2a-0dc4-4f9a-9b24-a0f9601d0314_expression":"-","outputExpression_ee027c92-6785-41e3-88a4-78fc36ff7e5e":"\"DECLINED\""},{"inputExpression_eec14f5f-db6a-4a30-bbc1-b9e6529d3ba9_operator":">=","inputExpression_eec14f5f-db6a-4a30-bbc1-b9e6529d3ba9_expression":"35","inputExpression_129085f8-5e1f-4aef-8358-1ec57280e3ab_operator":">=","inputExpression_129085f8-5e1f-4aef-8358-1ec57280e3ab_expression":"300000","inputExpression_11480c2a-0dc4-4f9a-9b24-a0f9601d0314_operator":null,"inputExpression_11480c2a-0dc4-4f9a-9b24-a0f9601d0314_expression":"-","outputExpression_ee027c92-6785-41e3-88a4-78fc36ff7e5e":"\"DECLINED\""},{"inputExpression_eec14f5f-db6a-4a30-bbc1-b9e6529d3ba9_operator":">=","inputExpression_eec14f5f-db6a-4a30-bbc1-b9e6529d3ba9_expression":"18","inputExpression_129085f8-5e1f-4aef-8358-1ec57280e3ab_operator":"<","inputExpression_129085f8-5e1f-4aef-8358-1ec57280e3ab_expression":"100000","inputExpression_11480c2a-0dc4-4f9a-9b24-a0f9601d0314_operator":"IS IN","inputExpression_11480c2a-0dc4-4f9a-9b24-a0f9601d0314_expression":"\"USA\",\"UK\",\"IN\"","outputExpression_ee027c92-6785-41e3-88a4-78fc36ff7e5e":"\"APPROVED\""},{"inputExpression_eec14f5f-db6a-4a30-bbc1-b9e6529d3ba9_operator":">=","inputExpression_eec14f5f-db6a-4a30-bbc1-b9e6529d3ba9_expression":"25","inputExpression_129085f8-5e1f-4aef-8358-1ec57280e3ab_operator":"<","inputExpression_129085f8-5e1f-4aef-8358-1ec57280e3ab_expression":"200000","inputExpression_11480c2a-0dc4-4f9a-9b24-a0f9601d0314_operator":"IS IN","inputExpression_11480c2a-0dc4-4f9a-9b24-a0f9601d0314_expression":"\"USA\",\"UK\",\"IN\"","outputExpression_ee027c92-6785-41e3-88a4-78fc36ff7e5e":"\"APPROVED\""},{"inputExpression_eec14f5f-db6a-4a30-bbc1-b9e6529d3ba9_operator":">=","inputExpression_eec14f5f-db6a-4a30-bbc1-b9e6529d3ba9_expression":"35","inputExpression_129085f8-5e1f-4aef-8358-1ec57280e3ab_operator":"<","inputExpression_129085f8-5e1f-4aef-8358-1ec57280e3ab_expression":"300000","inputExpression_11480c2a-0dc4-4f9a-9b24-a0f9601d0314_operator":"IS NOT IN","inputExpression_11480c2a-0dc4-4f9a-9b24-a0f9601d0314_expression":"\"CH\",\"NL\"","outputExpression_ee027c92-6785-41e3-88a4-78fc36ff7e5e":"\"APPROVED\""}]}}