{"id":"3193ddb3-fdb3-11ec-9fcf-2811a82f92d0","name":"Evaluate Credit Score","key":"decision2","description":null,"editorJson":{"id":"definition_decision2","key":"decision2","name":"Evaluate Credit Score","modelVersion":"3","description":null,"hitIndicator":"UNIQUE","inputExpressions":[{"id":"inputExpression_9d9f7bf3-d205-4226-8e42-fb3d4d36514d","type":"number","label":"Credit Score","variableId":"creditScore"}],"outputExpressions":[{"id":"outputExpression_c01a354e-16b4-4aa0-b1dd-90ef54ceef4b","type":"string","label":"Credit Rating","variableId":"creditRating","entries":["BAD","FAIR","EXCELLENT"]}],"rules":[{"inputExpression_9d9f7bf3-d205-4226-8e42-fb3d4d36514d_operator":"<","inputExpression_9d9f7bf3-d205-4226-8e42-fb3d4d36514d_expression":"500","outputExpression_c01a354e-16b4-4aa0-b1dd-90ef54ceef4b":"\"BAD\""},{"inputExpression_9d9f7bf3-d205-4226-8e42-fb3d4d36514d_operator":"<","inputExpression_9d9f7bf3-d205-4226-8e42-fb3d4d36514d_expression":"600","outputExpression_c01a354e-16b4-4aa0-b1dd-90ef54ceef4b":"\"FAIR\""},{"inputExpression_9d9f7bf3-d205-4226-8e42-fb3d4d36514d_operator":">=","inputExpression_9d9f7bf3-d205-4226-8e42-fb3d4d36514d_expression":"700","outputExpression_c01a354e-16b4-4aa0-b1dd-90ef54ceef4b":"\"EXCELLENT\""}]}}