{"id":"2820e3e0-fdb3-11ec-9fcf-2811a82f92d0","name":"Evaluate Loan Request Decision Table","key":"evaluateLoanRequestDecisionTable","description":null,"editorJson":{"key":"evaluateLoanRequestDecisionTable","name":"Evaluate Loan Request Decision Table","modelVersion":"3","description":null,"hitIndicator":"FIRST","inputExpressions":[{"id":"inputExpression_082403e1-d33f-4770-86e1-3b3ac5dc4ed3","type":"number","label":"Age","variableId":"age"},{"id":"inputExpression_05ac798e-2744-43f6-8149-7d7d64d9c80e","type":"number","label":"Amount","variableId":"amount"},{"id":"inputExpression_7afe16cd-a82d-4cc6-893b-77c6b7ff39b2","type":"string","label":"Country","variableId":"country"}],"outputExpressions":[{"id":"outputExpression_84bdeafd-ad9f-4dc2-8d42-8da9677f3b9c","type":"string","label":"Pre Approval State","variableId":"preApprovalState","entries":["APPROVED","DECLINED","REVIEW"]}],"rules":[{"inputExpression_082403e1-d33f-4770-86e1-3b3ac5dc4ed3_operator":">=","inputExpression_082403e1-d33f-4770-86e1-3b3ac5dc4ed3_expression":"18","inputExpression_05ac798e-2744-43f6-8149-7d7d64d9c80e_operator":"<","inputExpression_05ac798e-2744-43f6-8149-7d7d64d9c80e_expression":"100000","inputExpression_7afe16cd-a82d-4cc6-893b-77c6b7ff39b2_operator":"IS IN","inputExpression_7afe16cd-a82d-4cc6-893b-77c6b7ff39b2_expression":"\"CH\",\"NL\"","outputExpression_84bdeafd-ad9f-4dc2-8d42-8da9677f3b9c":"\"REVIEW\""},{"inputExpression_082403e1-d33f-4770-86e1-3b3ac5dc4ed3_operator":">=","inputExpression_082403e1-d33f-4770-86e1-3b3ac5dc4ed3_expression":"70","inputExpression_05ac798e-2744-43f6-8149-7d7d64d9c80e_operator":">=","inputExpression_05ac798e-2744-43f6-8149-7d7d64d9c80e_expression":"500000","inputExpression_7afe16cd-a82d-4cc6-893b-77c6b7ff39b2_operator":null,"inputExpression_7afe16cd-a82d-4cc6-893b-77c6b7ff39b2_expression":"-","outputExpression_84bdeafd-ad9f-4dc2-8d42-8da9677f3b9c":"\"REVIEW\""},{"inputExpression_082403e1-d33f-4770-86e1-3b3ac5dc4ed3_operator":">=","inputExpression_082403e1-d33f-4770-86e1-3b3ac5dc4ed3_expression":"25","inputExpression_05ac798e-2744-43f6-8149-7d7d64d9c80e_operator":"<","inputExpression_05ac798e-2744-43f6-8149-7d7d64d9c80e_expression":"200000","inputExpression_7afe16cd-a82d-4cc6-893b-77c6b7ff39b2_operator":"IS IN","inputExpression_7afe16cd-a82d-4cc6-893b-77c6b7ff39b2_expression":"\"CH\",\"NL\"","outputExpression_84bdeafd-ad9f-4dc2-8d42-8da9677f3b9c":"\"REVIEW\""},{"inputExpression_082403e1-d33f-4770-86e1-3b3ac5dc4ed3_operator":">=","inputExpression_082403e1-d33f-4770-86e1-3b3ac5dc4ed3_expression":"35","inputExpression_05ac798e-2744-43f6-8149-7d7d64d9c80e_operator":"<","inputExpression_05ac798e-2744-43f6-8149-7d7d64d9c80e_expression":"300000","inputExpression_7afe16cd-a82d-4cc6-893b-77c6b7ff39b2_operator":"IS IN","inputExpression_7afe16cd-a82d-4cc6-893b-77c6b7ff39b2_expression":"\"CH\",\"NL\"","outputExpression_84bdeafd-ad9f-4dc2-8d42-8da9677f3b9c":"\"REVIEW\""},{"inputExpression_082403e1-d33f-4770-86e1-3b3ac5dc4ed3_operator":">=","inputExpression_082403e1-d33f-4770-86e1-3b3ac5dc4ed3_expression":"18","inputExpression_05ac798e-2744-43f6-8149-7d7d64d9c80e_operator":null,"inputExpression_05ac798e-2744-43f6-8149-7d7d64d9c80e_expression":"-","inputExpression_7afe16cd-a82d-4cc6-893b-77c6b7ff39b2_operator":null,"inputExpression_7afe16cd-a82d-4cc6-893b-77c6b7ff39b2_expression":"-","outputExpression_84bdeafd-ad9f-4dc2-8d42-8da9677f3b9c":"\"DECLINED\""},{"inputExpression_082403e1-d33f-4770-86e1-3b3ac5dc4ed3_operator":">=","inputExpression_082403e1-d33f-4770-86e1-3b3ac5dc4ed3_expression":"18","inputExpression_05ac798e-2744-43f6-8149-7d7d64d9c80e_operator":">=","inputExpression_05ac798e-2744-43f6-8149-7d7d64d9c80e_expression":"100000","inputExpression_7afe16cd-a82d-4cc6-893b-77c6b7ff39b2_operator":null,"inputExpression_7afe16cd-a82d-4cc6-893b-77c6b7ff39b2_expression":"-","outputExpression_84bdeafd-ad9f-4dc2-8d42-8da9677f3b9c":"\"DECLINED\""},{"inputExpression_082403e1-d33f-4770-86e1-3b3ac5dc4ed3_operator":">=","inputExpression_082403e1-d33f-4770-86e1-3b3ac5dc4ed3_expression":"25","inputExpression_05ac798e-2744-43f6-8149-7d7d64d9c80e_operator":">=","inputExpression_05ac798e-2744-43f6-8149-7d7d64d9c80e_expression":"200000","inputExpression_7afe16cd-a82d-4cc6-893b-77c6b7ff39b2_operator":null,"inputExpression_7afe16cd-a82d-4cc6-893b-77c6b7ff39b2_expression":"-","outputExpression_84bdeafd-ad9f-4dc2-8d42-8da9677f3b9c":"\"DECLINED\""},{"inputExpression_082403e1-d33f-4770-86e1-3b3ac5dc4ed3_operator":">=","inputExpression_082403e1-d33f-4770-86e1-3b3ac5dc4ed3_expression":"35","inputExpression_05ac798e-2744-43f6-8149-7d7d64d9c80e_operator":">=","inputExpression_05ac798e-2744-43f6-8149-7d7d64d9c80e_expression":"300000","inputExpression_7afe16cd-a82d-4cc6-893b-77c6b7ff39b2_operator":null,"inputExpression_7afe16cd-a82d-4cc6-893b-77c6b7ff39b2_expression":"-","outputExpression_84bdeafd-ad9f-4dc2-8d42-8da9677f3b9c":"\"DECLINED\""},{"inputExpression_082403e1-d33f-4770-86e1-3b3ac5dc4ed3_operator":">=","inputExpression_082403e1-d33f-4770-86e1-3b3ac5dc4ed3_expression":"18","inputExpression_05ac798e-2744-43f6-8149-7d7d64d9c80e_operator":"<","inputExpression_05ac798e-2744-43f6-8149-7d7d64d9c80e_expression":"100000","inputExpression_7afe16cd-a82d-4cc6-893b-77c6b7ff39b2_operator":"IS IN","inputExpression_7afe16cd-a82d-4cc6-893b-77c6b7ff39b2_expression":"\"USA\",\"UK\",\"IN\"","outputExpression_84bdeafd-ad9f-4dc2-8d42-8da9677f3b9c":"\"APPROVED\""},{"inputExpression_082403e1-d33f-4770-86e1-3b3ac5dc4ed3_operator":">=","inputExpression_082403e1-d33f-4770-86e1-3b3ac5dc4ed3_expression":"25","inputExpression_05ac798e-2744-43f6-8149-7d7d64d9c80e_operator":"<","inputExpression_05ac798e-2744-43f6-8149-7d7d64d9c80e_expression":"200000","inputExpression_7afe16cd-a82d-4cc6-893b-77c6b7ff39b2_operator":"IS IN","inputExpression_7afe16cd-a82d-4cc6-893b-77c6b7ff39b2_expression":"\"USA\",\"UK\",\"IN\"","outputExpression_84bdeafd-ad9f-4dc2-8d42-8da9677f3b9c":"\"APPROVED\""},{"inputExpression_082403e1-d33f-4770-86e1-3b3ac5dc4ed3_operator":">=","inputExpression_082403e1-d33f-4770-86e1-3b3ac5dc4ed3_expression":"35","inputExpression_05ac798e-2744-43f6-8149-7d7d64d9c80e_operator":"<","inputExpression_05ac798e-2744-43f6-8149-7d7d64d9c80e_expression":"300000","inputExpression_7afe16cd-a82d-4cc6-893b-77c6b7ff39b2_operator":"IS NOT IN","inputExpression_7afe16cd-a82d-4cc6-893b-77c6b7ff39b2_expression":"\"CH\",\"NL\"","outputExpression_84bdeafd-ad9f-4dc2-8d42-8da9677f3b9c":"\"APPROVED\""}]}}