{"id":"FORM_MODEL-5facf9de-29f2-48b9-a98d-ce70e3c6fcfd","name":"Resource Project Mapping Form","key":"resourceProjectMappingForm","description":"","tenantId":"default","editorJson":{"resourceId":"editor_FORM_MODEL-5facf9de-29f2-48b9-a98d-ce70e3c6fcfd","stencil":{"id":"XForm"},"pathProperties":{"outcomes":"outcomes","outcomevariablename":"outcomeVariableName","dialog-size":"dialogSize","dialog-size-run":"dialogSize","dialog-title":"dialogTitle","dialog-title_en_us":"i18n.en_us.dialogTitle","dialog-title_it_it":"i18n.it_it.dialogTitle","dialog-title_es_es":"i18n.es_es.dialogTitle","dialog-title_fr_fr":"i18n.fr_fr.dialogTitle","dialog-title_de_de":"i18n.de_de.dialogTitle","dialog-title_i18n-key":"dialogTitle","dialog-description":"dialogDescription","force-validation":"forceValidation","custom-validations":"customValidations","validation-panel-display":"extraSettings.validationPanelDisplay"},"pathMappingProperties":{},"xmlProperties":[],"childShapes":[{"resourceId":"panel1","stencil":{"id":"SlotPanel"},"pathProperties":{"id":"id"},"pathMappingProperties":{},"xmlProperties":[],"childShapes":[{"resourceId":"data-object-datatable1","stencil":{"id":"Component"},"pathProperties":{"label":"label","label_en_us":"i18n.en_us.label","label_it_it":"i18n.it_it.label","label_es_es":"i18n.es_es.label","label_fr_fr":"i18n.fr_fr.label","label_de_de":"i18n.de_de.label","label_i18n-key":"label","label-position":"labelAlign","tooltip":"tooltip","tooltip_en_us":"i18n.en_us.tooltip","tooltip_it_it":"i18n.it_it.tooltip","tooltip_es_es":"i18n.es_es.tooltip","tooltip_fr_fr":"i18n.fr_fr.tooltip","tooltip_de_de":"i18n.de_de.tooltip","tooltip_i18n-key":"tooltip","value":"value","default-value":"defaultValue","description":"description","description_en_us":"i18n.en_us.description","description_it_it":"i18n.it_it.description","description_es_es":"i18n.es_es.description","description_fr_fr":"i18n.fr_fr.description","description_de_de":"i18n.de_de.description","description_i18n-key":"description","col-span":"size","ignored":"ignore","ignored-run":"ignore","visible":"visible","visible-run":"visible","enabled":"enabled","enabled-run":"enabled","required":"isRequired","required-run":"isRequired","style-class":"styleClass","custom-validations":"customValidations","validation-panel-display":"extraSettings.validationPanelDisplay","id":"id","selectable":"extraSettings.selectable","datasource":"extraSettings.dataSource","auto-complete-type":"extraSettings.storage","data-object-data-table-enable-search-box":"extraSettings.dataObjectDataTableEnableSearchBox","data-object-data-table-enable-view":"extraSettings.dataObjectDataTableEnableView","data-object-data-table-enable-create":"extraSettings.dataObjectDataTableEnableCreate","data-object-data-table-create-payload-mapping":"extraSettings.dataObjectDataTableCreatePayloadMapping","data-object-data-table-create-operation":"extraSettings.dataObjectDataTableCreateOperationKey","data-object-data-table-enable-edit":"extraSettings.dataObjectDataTableEnableEdit","data-object-data-table-edit-operation":"extraSettings.dataObjectDataTableEditOperationKey","data-object-data-table-enable-delete":"extraSettings.dataObjectDataTableEnableDelete","data-object-data-table-delete-operation":"extraSettings.dataObjectDataTableDeleteOperationKey","configurable-columns":"extraSettings.sortableColumns","output-num-rows":"extraSettings.output.numRows","infinite-scroll":"extraSettings.infiniteScroll","infinite-scroll-visible-elements":"extraSettings.infiniteScrollVisibleElements","show-pagination":"extraSettings.showPagination","auto-hide-pagination":"extraSettings.autoHidePagination","client-pagination":"extraSettings.clientPagination","filterable":"extraSettings.filterable","sortable":"extraSettings.sortable","multi-sort":"extraSettings.multiSort","page-size":"extraSettings.pageSize","page-size-options":"extraSettings.pageSizeOptions","show-total-records":"extraSettings.showTotalRecords","show-refresh-button":"extraSettings.showRefreshButton","refresh-time":"extraSettings.refreshTime","refresh-time-run":"extraSettings.refreshTime","data-polling-on-init":"extraSettings.dataPollingOnInit","sort-asc":"extraSettings.sortAsc","sort-desc":"extraSettings.sortDesc","sort-pattern":"extraSettings.sortPattern","sort-separator":"extraSettings.sortSeparator","no-data-message":"extraSettings.noDataMessage","no-data-message_en_us":"i18n.en_us.extraSettings.noDataMessage","no-data-message_it_it":"i18n.it_it.extraSettings.noDataMessage","no-data-message_es_es":"i18n.es_es.extraSettings.noDataMessage","no-data-message_fr_fr":"i18n.fr_fr.extraSettings.noDataMessage","no-data-message_de_de":"i18n.de_de.extraSettings.noDataMessage","no-data-message_i18n-key":"extraSettings.noDataMessage","no-data-position":"extraSettings.nodataPosition","conditional-formatting":"extraSettings.conditionalFormatting","favorite-key":"extraSettings.favorite.key"},"pathMappingProperties":{"searchdataobjectconfiguration":{"operationKey":"extraSettings.dataObjectOperationKey","lookupIdName":"extraSettings.identity","inputParameters":"extraSettings.queryParams","key":"extraSettings.dataObjectDefinitionKey","dataExpression":"extraSettings.items"},"searchdataobjectconfiguration-run":{"operationKey":"extraSettings.dataObjectOperationKey","lookupIdName":"extraSettings.identity","inputParameters":"extraSettings.queryParams","key":"extraSettings.dataObjectDefinitionKey","dataExpression":"extraSettings.items"},"data-object-data-table-view-form":{"key":"extraSettings.dataObjectDataTableViewFormKey"},"data-object-data-table-create-form":{"key":"extraSettings.dataObjectDataTableCreateFormKey"},"data-object-data-table-edit-form":{"key":"extraSettings.dataObjectDataTableEditFormKey"},"data-object-data-table-columns":{"items":"extraSettings.columns"},"data-object-data-table-columns-run":{"items":"extraSettings.columns"}},"xmlProperties":["auto-complete-type","searchdataobjectconfiguration","searchdataobjectconfiguration-run","data-object-data-table-create-payload-mapping","data-object-data-table-create-operation","data-object-data-table-edit-operation","data-object-data-table-delete-operation","data-object-data-table-columns","data-object-data-table-columns-run"],"childShapes":[],"bounds":{"lowerRight":{"x":984,"y":93},"upperLeft":{"x":15,"y":25}},"specialproperties":{"data-object-data-table-view-form":{"type":"treeview"},"data-object-data-table-create-form":{"type":"treeview"},"data-object-data-table-edit-form":{"type":"treeview"}},"outputmappingproperties":{"custom-validations":{"type":"formlist","placeholders":[]},"data-object-data-table-create-payload-mapping":{"type":"complex","placeholders":[]},"page-size-options":{"type":"complex","placeholders":[]},"conditional-formatting":{"type":"complex","placeholders":[]}},"properties":{"stencilid":"data-object-datatable","stencilsuperid":"Component","stencilsuperids":["Component"],"customstencil":false,"bordercolor":"#000000","notes":"","label":"","label_en_us":"","label_it_it":"","label_es_es":"","label_fr_fr":"","label_de_de":"","label_i18n-key":"","label-position":"top","tooltip":"","tooltip_en_us":"","tooltip_it_it":"","tooltip_es_es":"","tooltip_fr_fr":"","tooltip_de_de":"","tooltip_i18n-key":"","value":"","default-value":"","description":"","description_en_us":"","description_it_it":"","description_es_es":"","description_fr_fr":"","description_de_de":"","description_i18n-key":"","col-span":"1","ignored":false,"ignored-run":"","visible":true,"visible-run":"","enabled":true,"enabled-run":"","required":false,"required-run":"","style-class":"","documentation":"","custom-validations":"","validation-panel-display":"show","id":"data-object-datatable1","width":"200","height":"","col":1,"col-align":"fill","col-weight":"","row":1,"row-align":"top","row-weight":"","size":12,"description-position":"bottom","description-align":"left","node-type":"","selectable":"","datasource":"DataObject","auto-complete-type":"Full","searchdataobjectconfiguration":{"dataObjectreference":"DATA_OBJECT_MODEL-5ac3f241-1a28-4859-8166-e4d5f7694858","key":"employee","operationType":"search","lookupIdName":"empId","operationKey":"searchWithProgram","inputParameters":[{"name":"clientProgram","value":"{{searchWithProgram}}"}]},"searchdataobjectconfiguration-run":"","data-object-data-table-enable-search-box":false,"data-object-data-table-enable-view":true,"data-object-data-table-view-form":{"id":{"id":"FORM_MODEL-f8b71a88-d5b2-437b-8d09-e8c6ba022c05","key":"viewEmpForm"},"key":"viewEmpForm"},"data-object-data-table-enable-create":true,"data-object-data-table-create-form":{"id":"FORM_MODEL-90dd9e51-7430-4480-8097-6bc767dff807","key":"editResourceDetails"},"data-object-data-table-create-payload-mapping":"","data-object-data-table-create-operation":"create","data-object-data-table-enable-edit":true,"data-object-data-table-edit-form":{"id":"FORM_MODEL-90dd9e51-7430-4480-8097-6bc767dff807","key":"editResourceDetails"},"data-object-data-table-edit-operation":"update","data-object-data-table-enable-delete":false,"data-object-data-table-delete-operation":"delete","data-object-data-table-columns":{"totalCount":8,"items":[{"id":"empId","accessor":"empId","label":"Emp Id","fieldName":"Emp Id","sortable":true,"alignment":"left","displayType":"text","$$hashKey":"object:64308"},{"id":"empName","accessor":"empName","label":"Emp Name","fieldName":"Emp Name","sortable":true,"alignment":"left","displayType":"text","$$hashKey":"object:64309"},{"id":"clientProgram","accessor":"clientProgram","label":"Client Program","fieldName":"Client Program","sortable":true,"alignment":"left","displayType":"text","$$hashKey":"object:64310"},{"id":"designation","accessor":"designation","label":"Designation","fieldName":"Designation","sortable":true,"alignment":"left","displayType":"text","$$hashKey":"object:64311"},{"id":"manager","accessor":"manager","label":"Manager","fieldName":"Manager","sortable":true,"alignment":"left","displayType":"text","$$hashKey":"object:64312"},{"id":"fundingCategory","accessor":"fundingCategory","label":"Funding Category","fieldName":"Funding Category","sortable":true,"alignment":"left","displayType":"text","$$hashKey":"object:64313"},{"id":"allocation","accessor":"allocation","label":"Allocation","fieldName":"Allocation","sortable":true,"alignment":"left","displayType":"double","displaySettings":{"numberFormat":"auto","fractionSize":2},"component":{"type":"htmlComponent","value":"{{flw.numberFormat($item.allocation, 'auto', 'decimal', '2', undefined)}}"},"$$hashKey":"object:64314"},{"id":"assignedProject","accessor":"assignedProject","label":"Assigned Project","fieldName":"Assigned Project","sortable":true,"alignment":"left","displayType":"text","$$hashKey":"object:64315"}]},"data-object-data-table-columns-run":"","configurable-columns":true,"output-num-rows":"","infinite-scroll":true,"infinite-scroll-visible-elements":"","show-pagination":false,"auto-hide-pagination":true,"client-pagination":false,"filterable":false,"sortable":true,"multi-sort":false,"page-size":"","page-size-options":{"totalCount":6,"items":[{"page-size":5},{"page-size":10},{"page-size":20},{"page-size":25},{"page-size":50},{"page-size":100}]},"show-total-records":false,"show-refresh-button":"","refresh-time":"","refresh-time-run":"","data-polling-on-init":false,"sort-asc":"asc","sort-desc":"desc","sort-pattern":"sort={{$sortItem.id}}&order={{$sortItem.direction}}","sort-separator":"","no-data-message":"","no-data-message_en_us":"","no-data-message_it_it":"","no-data-message_es_es":"","no-data-message_fr_fr":"","no-data-message_de_de":"","no-data-message_i18n-key":"","no-data-position":"middle-center","conditional-formatting":"","favorite-key":"","xmlTag":"dataTable"},"ssextensions":[],"outgoing":[],"dockers":[],"labels":[{"styles":{"fill":"#000000","size":"12","italic":false,"bold":false},"ref":"label_text"},{"styles":{"fill":"#000000","size":"12","italic":false,"bold":false},"ref":"input_text"},{"styles":{"fill":"#000000","size":"12","italic":false,"bold":false},"ref":"input_dependent_text_1"},{"styles":{"fill":"#000000","size":"12","italic":false,"bold":false},"ref":"desc_text"}]}],"bounds":{"lowerRight":{"x":1049,"y":168},"upperLeft":{"x":50,"y":50}},"oldResourceId":"sid-8D9FC954-EB33-4C05-ADF0-5706EF50E974","properties":{"stencilid":"SlotPanel","stencilsuperid":"SlotPanel","stencilsuperids":["SlotPanel"],"customstencil":false,"id":"panel1","notes":"","width":"300"},"ssextensions":[],"outgoing":[],"dockers":[]}],"bounds":{"lowerRight":{"x":1485,"y":1050},"upperLeft":{"x":0,"y":0}},"outputmappingproperties":{"outcomes":{"type":"formlist","placeholders":[]},"custom-validations":{"type":"formlist","placeholders":[]}},"properties":{"stencilid":"XForm","stencilsuperid":"XForm","stencilsuperids":["XForm"],"customstencil":false,"id":"resourceProjectMappingForm","notes":"","name":"Resource Project Mapping Form","guid":"FORM_MODEL-5facf9de-29f2-48b9-a98d-ce70e3c6fcfd","creationdate":"2022-07-12T10:51:40.030Z","modificationdate":"2022-07-13T11:31:39.293Z","outcomes":"","outcomevariablename":"","dialog-size":"","dialog-size-run":"","dialog-title":"","dialog-title_en_us":"","dialog-title_it_it":"","dialog-title_es_es":"","dialog-title_fr_fr":"","dialog-title_de_de":"","dialog-title_i18n-key":"","dialog-description":"","force-validation":"","custom-validations":"","validation-panel-display":"show","description":""},"ssextensions":[],"stencilset":{"url":"./app/editor_stencilset","paletteKey":"flowable-form-palette","namespace":"http://b3mn.org/stencilset/xforms2.0#"}}}