{"id":"8c47bcea-e33b-11ec-ba6d-2811a82f92d0","name":"Lending Automation Process","key":"Lending_Automation_Process","description":"Lending Automation Process App","editorJson":{"models":[{"id":"8c371b17-e33b-11ec-ba6d-2811a82f92d0","name":"Lending Automation Process","version":2,"modelType":0,"description":"Lending Automation Process","stencilSetId":null,"createdBy":"admin","lastUpdatedBy":"admin","lastUpdated":"2022-06-10T09:46:40.741+00:00"}],"name":"Lending Automation Process","key":"Lending_Automation_Process","theme":"theme-7","icon":"glyphicon-asterisk"}}