{"id":"DMN_MODEL-71e1c9b6-5b07-4bb9-92c8-737d4f939638","name":"Old Evaluate Loan Request Decision Table","key":"evaluateLoanRequestDecisionTable1","description":null,"tenantId":"default","editorJson":{"id":"DMN_MODEL-71e1c9b6-5b07-4bb9-92c8-737d4f939638","modelVersion":"3","name":"Old Evaluate Loan Request Decision Table","key":"evaluateLoanRequestDecisionTable1","forceDMN11":false,"hitIndicator":"UNIQUE","inputExpressions":[{"id":"inputExpression_a0f083ba-952d-48bc-9a33-05f6d04ddb39","variableId":"age","variableType":null,"type":"number","label":"Age","entries":null,"newVariable":false,"complexExpression":false},{"id":"inputExpression_78759ead-0d4d-475f-bb20-9ac86e1ba03b","variableId":"amount","variableType":null,"type":"number","label":"Amount","entries":null,"newVariable":false,"complexExpression":false},{"id":"inputExpression_e2e87e65-66c0-4078-a40f-b88f189f8f67","variableId":"country","variableType":null,"type":"string","label":"Country","entries":null,"newVariable":false,"complexExpression":false}],"outputExpressions":[{"id":"outputExpression_b0792e6d-768d-4785-8b4a-94e0c3a7de8c","variableId":"preApprovalState","variableType":null,"type":"string","label":"Pre Approval State","entries":["APPROVED","DECLINED","REVIEW"],"newVariable":false,"complexExpression":false}],"rules":[{"inputExpression_a0f083ba-952d-48bc-9a33-05f6d04ddb39_operator":"<","inputExpression_a0f083ba-952d-48bc-9a33-05f6d04ddb39_expression":21,"inputExpression_78759ead-0d4d-475f-bb20-9ac86e1ba03b_operator":null,"inputExpression_78759ead-0d4d-475f-bb20-9ac86e1ba03b_expression":"-","inputExpression_e2e87e65-66c0-4078-a40f-b88f189f8f67_operator":null,"inputExpression_e2e87e65-66c0-4078-a40f-b88f189f8f67_expression":"-","outputExpression_b0792e6d-768d-4785-8b4a-94e0c3a7de8c":"DECLINED"},{"inputExpression_a0f083ba-952d-48bc-9a33-05f6d04ddb39_operator":">=","inputExpression_a0f083ba-952d-48bc-9a33-05f6d04ddb39_expression":21,"inputExpression_78759ead-0d4d-475f-bb20-9ac86e1ba03b_operator":">=","inputExpression_78759ead-0d4d-475f-bb20-9ac86e1ba03b_expression":100000,"inputExpression_e2e87e65-66c0-4078-a40f-b88f189f8f67_operator":"IS IN","inputExpression_e2e87e65-66c0-4078-a40f-b88f189f8f67_expression":"\"CH\",\"NL\"","outputExpression_b0792e6d-768d-4785-8b4a-94e0c3a7de8c":"REVIEW"},{"inputExpression_a0f083ba-952d-48bc-9a33-05f6d04ddb39_operator":">=","inputExpression_a0f083ba-952d-48bc-9a33-05f6d04ddb39_expression":21,"inputExpression_78759ead-0d4d-475f-bb20-9ac86e1ba03b_operator":">=","inputExpression_78759ead-0d4d-475f-bb20-9ac86e1ba03b_expression":100000,"inputExpression_e2e87e65-66c0-4078-a40f-b88f189f8f67_operator":"IS NOT IN","inputExpression_e2e87e65-66c0-4078-a40f-b88f189f8f67_expression":"\"CH\",\"NL\"","outputExpression_b0792e6d-768d-4785-8b4a-94e0c3a7de8c":"DECLINED"},{"inputExpression_a0f083ba-952d-48bc-9a33-05f6d04ddb39_operator":">=","inputExpression_a0f083ba-952d-48bc-9a33-05f6d04ddb39_expression":21,"inputExpression_78759ead-0d4d-475f-bb20-9ac86e1ba03b_operator":"<","inputExpression_78759ead-0d4d-475f-bb20-9ac86e1ba03b_expression":100000,"inputExpression_e2e87e65-66c0-4078-a40f-b88f189f8f67_operator":null,"inputExpression_e2e87e65-66c0-4078-a40f-b88f189f8f67_expression":"-","outputExpression_b0792e6d-768d-4785-8b4a-94e0c3a7de8c":"APPROVED"}]}}