{"id":"DMN_MODEL-966684a6-f34c-41de-803d-fc5dc81a1ae1","name":"Evaluate Credit Score","key":"evaluateCreditScore","description":null,"tenantId":"default","editorJson":{"id":"DMN_MODEL-966684a6-f34c-41de-803d-fc5dc81a1ae1","modelVersion":"3","name":"Evaluate Credit Score","key":"evaluateCreditScore","description":"","forceDMN11":false,"hitIndicator":"UNIQUE","inputExpressions":[{"id":"1","variableId":"creditScore","variableType":null,"type":"number","label":"Credit Score","entries":[],"newVariable":false,"complexExpression":false}],"outputExpressions":[{"id":"2","variableId":"creditRating","variableType":null,"type":"string","label":"Credit Rating","entries":["BAD","FAIR","EXCELLENT"],"newVariable":false,"complexExpression":false}],"rules":[{"2":"BAD","1_operator":"<","1_expression":500},{"2":"FAIR","1_operator":"<","1_expression":600},{"2":"EXCELLENT","1_operator":">=","1_expression":700}]}}