{"id":"DMN_MODEL-797ccb47-f546-4394-a8da-80cbbc1718e1","name":"Evaluate Loan Eligibility","key":"evaluateLoanEligibility","description":null,"tenantId":"default","editorJson":{"id":"DMN_MODEL-797ccb47-f546-4394-a8da-80cbbc1718e1","modelVersion":"3","name":"Evaluate Loan Eligibility","key":"evaluateLoanEligibility","description":"","forceDMN11":false,"hitIndicator":"UNIQUE","inputExpressions":[{"id":"1","variableId":"preApprovalState","variableType":null,"type":"string","label":"Pre Approval State","entries":["APPROVED","DECLINED","REVIEW"],"newVariable":false,"complexExpression":false},{"id":"3","variableId":"creditRating","variableType":null,"type":"string","label":"Credit Rating","entries":["EXCELLENT","FAIR","BAD"],"newVariable":false,"complexExpression":false}],"outputExpressions":[{"id":"2","variableId":"approvalState","variableType":null,"type":"string","label":"Approval State","entries":["APPROVED","DECLINED","REVIEW"],"newVariable":false,"complexExpression":false}],"rules":[{"2":"REVIEW","1_operator":"==","1_expression":"DECLINED","3_expression":"EXCELLENT","3_operator":"=="},{"2":"DECLINED","1_operator":"==","1_expression":"DECLINED","3_operator":"!=","3_expression":"EXCELLENT"},{"2":"APPROVED","1_operator":"==","1_expression":"REVIEW","3_operator":"==","3_expression":"FAIR"},{"2":"REVIEW","1_operator":"==","1_expression":"REVIEW","3_operator":"!=","3_expression":"FAIR"},{"2":"REVIEW","1_operator":"==","1_expression":"APPROVED","3_operator":"==","3_expression":"BAD"},{"2":"APPROVED","1_operator":"==","1_expression":"APPROVED","3_operator":"!=","3_expression":"BAD"}]}}