<?xml version="1.0" encoding="UTF-8"?>
<databaseChangeLog xmlns="http://www.liquibase.org/xml/ns/dbchangelog" xmlns:xsi="http://www.w3.org/2001/XMLSchema-instance" xsi:schemaLocation="http://www.liquibase.org/xml/ns/dbchangelog http://www.liquibase.org/xml/ns/dbchangelog/dbchangelog-3.0.xsd" logicalFilePath="employeeSchema">
    <property name="datetime.type" value="datetime2" dbms="mssql"/>
    <property name="datetime.type" value="datetime"/>
    <property name="varchar.type" value="nvarchar" dbms="mssql"/>
    <property name="varchar.type" value="varchar"/>
    <property name="serviceDefinitionReferences" value=""/>

    <changeSet id="1" author="flowable">
        <createTable tableName="Employee">
            <column name="Emp_Id" type="${varchar.type}(255)">
                <constraints nullable="false" primaryKey="true"/>
            </column>
            <column name="Emp_Name" type="${varchar.type}(255)"/>
            <column name="Client_Program" type="${varchar.type}(255)"/>
            <column name="Designation" type="${varchar.type}(255)"/>
            <column name="Manager" type="${varchar.type}(255)"/>
            <column name="Funding_Category" type="${varchar.type}(255)"/>
            <column name="Allocation" type="double"/>
            <column name="Assigned_Project" type="${varchar.type}(255)"/>
        </createTable>
    </changeSet>
</databaseChangeLog>
