{"id":"b08a0f6b-e031-11ec-a1b5-2811a82f92d0","name":"Training Process App","key":"training_process_app","description":"Training Process App","editorJson":{"models":[{"id":"3d84aa08-e671-11ec-80a5-2811a82f92d0","name":"User Task","version":1,"modelType":0,"description":"","stencilSetId":null,"createdBy":"admin","lastUpdatedBy":"admin","lastUpdated":"2022-06-07T14:51:33.634+00:00"},{"id":"ac8f433a-e643-11ec-80a5-2811a82f92d0","name":"Task Event Listener","version":1,"modelType":0,"description":"Task Event Listener","stencilSetId":null,"createdBy":"admin","lastUpdatedBy":"admin","lastUpdated":"2022-06-07T10:27:45.832+00:00"},{"id":"69267b36-e634-11ec-80a5-2811a82f92d0","name":"Execute Event Listener","version":1,"modelType":0,"description":"Execute Event Listener Process","stencilSetId":null,"createdBy":"admin","lastUpdatedBy":"admin","lastUpdated":"2022-06-07T09:15:40.516+00:00"},{"id":"2f3e7cda-e627-11ec-a571-2811a82f92d0","name":"Payment Process","version":1,"modelType":0,"description":"Payment Process","stencilSetId":null,"createdBy":"admin","lastUpdatedBy":"admin","lastUpdated":"2022-06-07T06:28:47.435+00:00"},{"id":"9157d919-e623-11ec-a571-2811a82f92d0","name":"Trigger Signal Event","version":1,"modelType":0,"description":"Signal Event Process","stencilSetId":null,"createdBy":"admin","lastUpdatedBy":"admin","lastUpdated":"2022-06-07T06:26:55.742+00:00"},{"id":"b359b56c-e27e-11ec-8a7f-2811a82f92d0","name":"Http Task","version":1,"modelType":0,"description":"Http Task","stencilSetId":null,"createdBy":"admin","lastUpdatedBy":"admin","lastUpdated":"2022-06-03T10:39:37.890+00:00"},{"id":"4a8c0b44-e26c-11ec-8a7f-2811a82f92d0","name":"Custom Outcome","version":1,"modelType":0,"description":"Custom Outcome","stencilSetId":null,"createdBy":"admin","lastUpdatedBy":"admin","lastUpdated":"2022-06-02T13:25:12.089+00:00"},{"id":"f878c5bf-e16a-11ec-b928-2811a82f92d0","name":"Message Event","version":1,"modelType":0,"description":"Message Event","stencilSetId":null,"createdBy":"admin","lastUpdatedBy":"admin","lastUpdated":"2022-06-02T10:27:28.655+00:00"},{"id":"8d0bb192-e0ec-11ec-bdc2-2811a82f92d0","name":"Receive Task","version":1,"modelType":0,"description":"Receive Task","stencilSetId":null,"createdBy":"admin","lastUpdatedBy":"admin","lastUpdated":"2022-05-31T14:49:27.925+00:00"},{"id":"05db0447-e0d8-11ec-8dd2-2811a82f92d0","name":"Mail Service Task","version":1,"modelType":0,"description":"Mail Service Task","stencilSetId":null,"createdBy":"admin","lastUpdatedBy":"admin","lastUpdated":"2022-05-31T12:50:28.572+00:00"},{"id":"2a65d9aa-e031-11ec-a1b5-2811a82f92d0","name":"Service Task","version":1,"modelType":0,"description":"Service Task","stencilSetId":null,"createdBy":"admin","lastUpdatedBy":"admin","lastUpdated":"2022-05-31T11:17:44.142+00:00"}],"theme":"theme-1","icon":"glyphicon-asterisk"}}