{"id":"6277d168-e0d8-11ec-8dd2-2811a82f92d0","name":"Prepare Email Form","key":"Prepare_Email_Form","description":"Prepare Email Form","editorJson":{"name":"Prepare Email Form","key":"Prepare_Email_Form","version":0,"fields":[{"fieldType":"FormField","id":"to","name":"To","type":"text","value":null,"required":true,"readOnly":false,"overrideId":false,"placeholder":null,"layout":null},{"fieldType":"FormField","id":"subject","name":"Subject","type":"text","value":null,"required":true,"readOnly":false,"overrideId":false,"placeholder":null,"layout":null},{"fieldType":"FormField","id":"body","name":"Body","type":"text","value":null,"required":true,"readOnly":false,"overrideId":false,"placeholder":null,"layout":null}],"outcomes":[{"id":null,"name":"Approve"},{"id":null,"name":"Decline"}]}}