{"id":"DECISION_SERVICE_MODEL-95de17fd-e772-4f97-9b53-4f8b9b47d604","name":"Evaluate Loan Request Decision Service","key":"evaluateLoanRequestDecisionService","description":"","tenantId":"default","editorJson":{"resourceId":"editor_DECISION_SERVICE_MODEL-95de17fd-e772-4f97-9b53-4f8b9b47d604","stencil":{"id":"DMNDiagram"},"pathProperties":{},"pathMappingProperties":{},"xmlProperties":[],"childShapes":[{"resourceId":"expandedDecisionService1","stencil":{"id":"ExpandedDecisionService"},"pathProperties":{},"pathMappingProperties":{},"xmlProperties":[],"childShapes":[{"resourceId":"outputDecisions1","stencil":{"id":"OutputDecisionsDecisionServiceSection"},"pathProperties":{},"pathMappingProperties":{},"xmlProperties":[],"childShapes":[{"resourceId":"decision3","stencil":{"id":"Decision"},"pathProperties":{},"pathMappingProperties":{},"xmlProperties":[],"childShapes":[],"bounds":{"lowerRight":{"x":340,"y":151},"upperLeft":{"x":240,"y":89}},"specialproperties":{"decisiontablereference":{"type":"treeview"}},"properties":{"stencilid":"Decision","stencilsuperid":"Decision","stencilsuperids":["Decision"],"customstencil":false,"id":"decision3","notes":"","name":"Evaluate Loan Eligibility","name_en_us":"Evaluate Loan Eligibility","name_it_it":"","name_es_es":"","name_fr_fr":"","name_de_de":"","name_i18n-key":"","description":"","fontsize":"12","fontweight":"normal","fontstyle":"normal","fontcolor":"#000000","decisiontablereference":{"id":"DMN_MODEL-797ccb47-f546-4394-a8da-80cbbc1718e1","key":"evaluateLoanEligibility"}},"ssextensions":[],"outgoing":[],"dockers":[],"labels":[{"styles":{"fill":"#000000","size":"12","italic":false,"bold":false},"ref":"text_name"}]}],"bounds":{"lowerRight":{"x":606,"y":240},"upperLeft":{"x":0,"y":0}},"properties":{"stencilid":"OutputDecisionsDecisionServiceSection","stencilsuperid":"OutputDecisionsDecisionServiceSection","stencilsuperids":["OutputDecisionsDecisionServiceSection"],"customstencil":false,"bgcolor":"#ffffff","notes":"","bordercolor":"#000000"},"ssextensions":[],"outgoing":[],"dockers":[]},{"resourceId":"encapsulatedDecisions1","stencil":{"id":"EncapsulatedDecisionsDecisionServiceSection"},"pathProperties":{},"pathMappingProperties":{},"xmlProperties":[],"childShapes":[{"resourceId":"decision1","stencil":{"id":"Decision"},"pathProperties":{},"pathMappingProperties":{},"xmlProperties":[],"childShapes":[],"bounds":{"lowerRight":{"x":190,"y":181.5},"upperLeft":{"x":90,"y":119.5}},"specialproperties":{"decisiontablereference":{"type":"treeview"}},"properties":{"stencilid":"Decision","stencilsuperid":"Decision","stencilsuperids":["Decision"],"customstencil":false,"id":"decision1","notes":"","name":"Evaluate Loan Request","name_en_us":"Evaluate Loan Request","name_it_it":"","name_es_es":"","name_fr_fr":"","name_de_de":"","name_i18n-key":"","description":"","fontsize":"12","fontweight":"normal","fontstyle":"normal","fontcolor":"#000000","decisiontablereference":{"id":"DMN_MODEL-71e1c9b6-5b07-4bb9-92c8-737d4f939638","key":"evaluateLoanRequestDecisionTable1"}},"ssextensions":[],"outgoing":[{"resourceId":"informationRequirement1"}],"dockers":[],"labels":[{"styles":{"fill":"#000000","size":"12","italic":false,"bold":false},"ref":"text_name"}]},{"resourceId":"decision2","stencil":{"id":"Decision"},"pathProperties":{},"pathMappingProperties":{},"xmlProperties":[],"childShapes":[],"bounds":{"lowerRight":{"x":490,"y":181.5},"upperLeft":{"x":390,"y":119.5}},"specialproperties":{"decisiontablereference":{"type":"treeview"}},"properties":{"stencilid":"Decision","stencilsuperid":"Decision","stencilsuperids":["Decision"],"customstencil":false,"id":"decision2","notes":"","name":"Evaluate Credit Score","name_en_us":"Evaluate Credit Score","name_it_it":"","name_es_es":"","name_fr_fr":"","name_de_de":"","name_i18n-key":"","description":"","fontsize":"12","fontweight":"normal","fontstyle":"normal","fontcolor":"#000000","decisiontablereference":{"id":"DMN_MODEL-966684a6-f34c-41de-803d-fc5dc81a1ae1","key":"evaluateCreditScore"}},"ssextensions":[],"outgoing":[{"resourceId":"informationRequirement2"}],"dockers":[],"labels":[{"styles":{"fill":"#000000","size":"12","italic":false,"bold":false},"ref":"text_name"}]}],"bounds":{"lowerRight":{"x":606,"y":541},"upperLeft":{"x":0,"y":240}},"properties":{"stencilid":"EncapsulatedDecisionsDecisionServiceSection","stencilsuperid":"EncapsulatedDecisionsDecisionServiceSection","stencilsuperids":["EncapsulatedDecisionsDecisionServiceSection"],"customstencil":false,"bgcolor":"#ffffff","notes":"","bordercolor":"#000000"},"ssextensions":[],"outgoing":[],"dockers":[]}],"bounds":{"lowerRight":{"x":756,"y":615},"upperLeft":{"x":150,"y":74}},"properties":{"stencilid":"ExpandedDecisionService","stencilsuperid":"ExpandedDecisionService","stencilsuperids":["ExpandedDecisionService"],"customstencil":false,"id":"evaluateLoanRequestDecisionService","notes":"","name":"Evaluate Loan Request Decision Service","name_en_us":"Evaluate Loan Request Decision Service","name_it_it":"","name_es_es":"","name_fr_fr":"","name_de_de":"","name_i18n-key":"","description":"","fontsize":"12","fontweight":"normal","fontstyle":"normal","fontcolor":"#000000","bordercolor":"#000000","labelexpression":"","xmlTag":"ExpandedDecisionService"},"ssextensions":[],"outgoing":[],"dockers":[],"labels":[{"styles":{"fill":"#000000","size":"12","italic":false,"bold":false},"ref":"text_name"}]},{"resourceId":"informationRequirement1","stencil":{"id":"InformationRequirement"},"pathProperties":{},"pathMappingProperties":{},"xmlProperties":[],"childShapes":[],"bounds":{"lowerRight":{"x":422,"y":432},"upperLeft":{"x":307,"y":225}},"properties":{"stencilid":"InformationRequirement","stencilsuperid":"InformationRequirement","stencilsuperids":["InformationRequirement"],"customstencil":false,"bordercolor":"#000000","notes":"","id":"informationRequirement1","name":"","name_en_us":"","name_it_it":"","name_es_es":"","name_fr_fr":"","name_de_de":"","name_i18n-key":"","description":"","fontsize":"12","fontweight":"normal","fontstyle":"normal","fontcolor":"#000000"},"ssextensions":[],"outgoing":[{"resourceId":"decision3"}],"dockers":[{"x":50,"y":31},{"x":50,"y":31}],"labels":[{"styles":{"fill":"#000000","size":"12","italic":false,"bold":false},"ref":"text_name"}],"target":{"resourceId":"decision3"}},{"resourceId":"informationRequirement2","stencil":{"id":"InformationRequirement"},"pathProperties":{},"pathMappingProperties":{},"xmlProperties":[],"childShapes":[],"bounds":{"lowerRight":{"x":572,"y":432},"upperLeft":{"x":457,"y":225}},"properties":{"stencilid":"InformationRequirement","stencilsuperid":"InformationRequirement","stencilsuperids":["InformationRequirement"],"customstencil":false,"bordercolor":"#000000","notes":"","id":"informationRequirement2","name":"","name_en_us":"","name_it_it":"","name_es_es":"","name_fr_fr":"","name_de_de":"","name_i18n-key":"","description":"","fontsize":"12","fontweight":"normal","fontstyle":"normal","fontcolor":"#000000"},"ssextensions":[],"outgoing":[{"resourceId":"decision3"}],"dockers":[{"x":50,"y":31},{"x":50,"y":31}],"labels":[{"styles":{"fill":"#000000","size":"12","italic":false,"bold":false},"ref":"text_name"}],"target":{"resourceId":"decision3"}}],"bounds":{"lowerRight":{"x":1485,"y":1050},"upperLeft":{"x":0,"y":0}},"properties":{"stencilid":"DMNDiagram","stencilsuperid":"DMNDiagram","stencilsuperids":["DMNDiagram"],"customstencil":false,"id":"definition_evaluateLoanRequestDecisionService","notes":"","name":"Evaluate Loan Request Decision Service","name_en_us":"","name_it_it":"","name_es_es":"","name_fr_fr":"","name_de_de":"","name_i18n-key":"","description":"","fontsize":"12","fontweight":"normal","fontstyle":"normal","fontcolor":"#000000","labelexpression":"","creationdate":"2022-07-05T04:55:49.888Z","modificationdate":"2022-07-11T05:30:12.545Z","key":"evaluateLoanRequestDecisionService"},"ssextensions":[],"stencilset":{"url":"./app/editor_stencilset","paletteKey":"flowable-drd-palette","namespace":"http://b3mn.org/stencilset/drd1.2#"}}}