{"id":"319a1f44-fdb3-11ec-9fcf-2811a82f92d0","name":"Evaluate Loan Request Decision Service","key":"evaluateLoanRequestDecisionService","description":"","editorJson":{"modelId":"319a1f44-fdb3-11ec-9fcf-2811a82f92d0","bounds":{"lowerRight":{"x":1200,"y":1050},"upperLeft":{"x":0,"y":0}},"properties":{"drd_id":"evaluateLoanRequestDecisionService","name":"Evaluate Loan Request Decision Service","documentation":""},"childShapes":[{"resourceId":"evaluateLoanRequestDecisionService","properties":{"overrideid":"evaluateLoanRequestDecisionService","name":"Evaluate Loan Request Decision Service"},"stencil":{"id":"ExpandedDecisionService"},"childShapes":[{"resourceId":"evaluateLoanRequestDecisionService_outputDecisions","properties":{"showcaption":true},"stencil":{"id":"OutputDecisionsDecisionServiceSection"},"childShapes":[{"resourceId":"decision3","properties":{"overrideid":"","name":"Evaluate Loan Eligibility","documentation":"","decisiondecisiontablereference":{"id":"31938f92-fdb3-11ec-9fcf-2811a82f92d0","name":"Evaluate Loan Eligibility","key":"decision3"}},"stencil":{"id":"Decision"},"childShapes":[],"outgoing":[],"bounds":{"lowerRight":{"x":353,"y":151},"upperLeft":{"x":253,"y":89}},"dockers":[]}],"outgoing":[],"bounds":{"lowerRight":{"x":607,"y":240},"upperLeft":{"x":0,"y":0}},"dockers":[]},{"resourceId":"evaluateLoanRequestDecisionService_encapsulatedDecisions","properties":{"showcaption":true},"stencil":{"id":"EncapsulatedDecisionsDecisionServiceSection"},"childShapes":[{"resourceId":"decision1","properties":{"overrideid":"","name":"Evaluate Loan Request","documentation":"","decisiondecisiontablereference":{"id":"3191bad1-fdb3-11ec-9fcf-2811a82f92d0","name":"Evaluate Loan Request","key":"decision1"}},"stencil":{"id":"Decision"},"childShapes":[],"outgoing":[{"resourceId":"sid-A13D20AF-C18B-4594-B018-B41575E00BE4"}],"bounds":{"lowerRight":{"x":190,"y":181.5},"upperLeft":{"x":90,"y":119.5}},"dockers":[]},{"resourceId":"decision2","properties":{"overrideid":"","name":"Evaluate Credit Score","documentation":"","decisiondecisiontablereference":{"id":"3193ddb3-fdb3-11ec-9fcf-2811a82f92d0","name":"Evaluate Credit Score","key":"decision2"}},"stencil":{"id":"Decision"},"childShapes":[],"outgoing":[{"resourceId":"informationRequirement2"}],"bounds":{"lowerRight":{"x":490,"y":181.5},"upperLeft":{"x":390,"y":119.5}},"dockers":[]}],"outgoing":[],"bounds":{"lowerRight":{"x":607,"y":541},"upperLeft":{"x":0,"y":240}},"dockers":[]}],"outgoing":[],"bounds":{"lowerRight":{"x":757,"y":615},"upperLeft":{"x":150,"y":74}},"dockers":[]},{"resourceId":"informationRequirement2","properties":{},"stencil":{"id":"InformationRequirement"},"childShapes":[],"outgoing":[{"resourceId":"decision3"}],"bounds":{"lowerRight":{"x":574.0286439252303,"y":432.96531519543646},"upperLeft":{"x":468.9713560747697,"y":225.5346848045635}},"dockers":[{"x":50,"y":31},{"x":50,"y":31}],"target":{"resourceId":"decision3"}},{"resourceId":"sid-A13D20AF-C18B-4594-B018-B41575E00BE4","properties":{},"stencil":{"id":"InformationRequirement"},"childShapes":[],"outgoing":[{"resourceId":"decision3"}],"bounds":{"lowerRight":{"x":434.0190316547336,"y":433.0009083595426},"upperLeft":{"x":308.9809683452664,"y":225.49909164045738}},"dockers":[{"x":50,"y":31},{"x":50,"y":31}],"target":{"resourceId":"decision3"}}],"stencil":{"id":"DMNDiagram"},"stencilset":{"namespace":"http://b3mn.org/stencilset/dmn1.2#","url":"../editor/stencilsets/dmn1.1/dmn1.2.json"}}}