{"id":"8bfd4663-e33b-11ec-ba6d-2811a82f92d0","name":"Loan Request Form","key":"Loan_Request_Form","description":"Loan Request Form","editorJson":{"name":"Loan Request Form","key":"Loan_Request_Form","version":0,"fields":[{"fieldType":"FormField","id":"fullname","name":"Full Name","type":"text","value":null,"required":true,"readOnly":false,"overrideId":false,"placeholder":null,"layout":null},{"fieldType":"FormField","id":"address","name":"Address","type":"multi-line-text","value":null,"required":true,"readOnly":false,"overrideId":false,"placeholder":null,"layout":null},{"fieldType":"FormField","id":"mobilenumber","name":"Mobile Number","type":"integer","value":null,"required":true,"readOnly":false,"overrideId":false,"placeholder":null,"layout":null},{"fieldType":"FormField","id":"email","name":"Email","type":"text","value":null,"required":true,"readOnly":false,"overrideId":false,"placeholder":null,"layout":null},{"fieldType":"FormField","id":"dob","name":"DOB","type":"date","value":null,"required":true,"readOnly":false,"overrideId":false,"placeholder":null,"layout":null},{"fieldType":"FormField","id":"pan","name":"PAN","type":"text","value":null,"required":true,"readOnly":false,"overrideId":false,"placeholder":null,"layout":null},{"fieldType":"OptionFormField","id":"collateraldetails","name":"Collateral Details","type":"dropdown","value":"Please choose one...","required":true,"readOnly":false,"overrideId":false,"placeholder":null,"layout":null,"optionType":null,"hasEmptyValue":true,"options":[{"id":null,"name":"Please choose one..."},{"id":null,"name":"Real Estate Collateral"},{"id":null,"name":"Business Equipment Collateral"},{"id":null,"name":"Inventory Collateral"},{"id":null,"name":"Invoices Collateral"},{"id":null,"name":"Blanket Lien Collateral"},{"id":null,"name":"Cash Collateral"},{"id":null,"name":"Investments Collateral"}],"optionsExpression":null},{"fieldType":"FormField","id":"aadhar","name":"Aadhar","type":"text","value":null,"required":false,"readOnly":false,"overrideId":false,"placeholder":null,"layout":null},{"fieldType":"FormField","id":"monthlyincome","name":"Monthly Income","type":"decimal","value":null,"required":true,"readOnly":false,"overrideId":false,"placeholder":null,"layout":null},{"fieldType":"FormField","id":"amount","name":"Amount","type":"decimal","value":null,"required":true,"readOnly":false,"overrideId":false,"placeholder":null,"layout":null}],"outcomes":[]}}